"","LDLR.class.A.1","LDLR.class.A.2","LDLR.class.A.3","LDLR.class.A.4","LDLR.class.A.5","LDLR.class.A.6","LDLR.class.A.7","EGF.like.1","EGF.like.2","Ca2..binding","LDLR.class.B.1","LDLR.class.B.2","LDLR.class.B.3","LDLR.class.B.4","LDLR.class.B.5","LDLR.class.B.6","EGF.like.3","Clustered.O.linked.oligosaccharides","Disordered","MYLIP.interacting","PCSK9.interacting"
"1",NA,NA,NA,NA,NA,NA,NA,NA,NA,NA,NA,NA,NA,NA,NA,NA,NA,NA,NA,NA,NA
"2",NA,NA,NA,NA,NA,NA,NA,NA,NA,NA,NA,NA,NA,NA,NA,NA,NA,NA,NA,NA,NA
"3",NA,NA,NA,NA,NA,NA,NA,NA,NA,NA,NA,NA,NA,NA,NA,NA,NA,NA,NA,NA,NA
"4",NA,NA,NA,NA,NA,NA,NA,NA,NA,NA,NA,NA,NA,NA,NA,NA,NA,NA,NA,NA,NA
"5",NA,NA,NA,NA,NA,NA,NA,NA,NA,NA,NA,NA,NA,NA,NA,NA,NA,NA,NA,NA,NA
"6",NA,NA,NA,NA,NA,NA,NA,NA,NA,NA,NA,NA,NA,NA,NA,NA,NA,NA,NA,NA,NA
"7",NA,NA,NA,NA,NA,NA,NA,NA,NA,NA,NA,NA,NA,NA,NA,NA,NA,NA,NA,NA,NA
"8",NA,NA,NA,NA,NA,NA,NA,NA,NA,NA,NA,NA,NA,NA,NA,NA,NA,NA,NA,NA,NA
"9",NA,NA,NA,NA,NA,NA,NA,NA,NA,NA,NA,NA,NA,NA,NA,NA,NA,NA,NA,NA,NA
"10",NA,NA,NA,NA,NA,NA,NA,NA,NA,NA,NA,NA,NA,NA,NA,NA,NA,NA,NA,NA,NA
"11",NA,NA,NA,NA,NA,NA,NA,NA,NA,NA,NA,NA,NA,NA,NA,NA,NA,NA,NA,NA,NA
"12",NA,NA,NA,NA,NA,NA,NA,NA,NA,NA,NA,NA,NA,NA,NA,NA,NA,NA,NA,NA,NA
"13",NA,NA,NA,NA,NA,NA,NA,NA,NA,NA,NA,NA,NA,NA,NA,NA,NA,NA,NA,NA,NA
"14",NA,NA,NA,NA,NA,NA,NA,NA,NA,NA,NA,NA,NA,NA,NA,NA,NA,NA,NA,NA,NA
"15",NA,NA,NA,NA,NA,NA,NA,NA,NA,NA,NA,NA,NA,NA,NA,NA,NA,NA,NA,NA,NA
"16",NA,NA,NA,NA,NA,NA,NA,NA,NA,NA,NA,NA,NA,NA,NA,NA,NA,NA,NA,NA,NA
"17",NA,NA,NA,NA,NA,NA,NA,NA,NA,NA,NA,NA,NA,NA,NA,NA,NA,NA,NA,NA,NA
"18",NA,NA,NA,NA,NA,NA,NA,NA,NA,NA,NA,NA,NA,NA,NA,NA,NA,NA,NA,NA,NA
"19",NA,NA,NA,NA,NA,NA,NA,NA,NA,NA,NA,NA,NA,NA,NA,NA,NA,NA,NA,NA,NA
"20",NA,NA,NA,NA,NA,NA,NA,NA,NA,NA,NA,NA,NA,NA,NA,NA,NA,NA,NA,NA,NA
"21",NA,NA,NA,NA,NA,NA,NA,NA,NA,NA,NA,NA,NA,NA,NA,NA,NA,NA,NA,NA,NA
"22",NA,NA,NA,NA,NA,NA,NA,NA,NA,NA,NA,NA,NA,NA,NA,NA,NA,NA,NA,NA,NA
"23",0.590669,NA,NA,NA,NA,NA,NA,NA,NA,NA,NA,NA,NA,NA,NA,NA,NA,NA,NA,NA,NA
"24",NA,NA,NA,NA,NA,NA,NA,NA,NA,NA,NA,NA,NA,NA,NA,NA,NA,NA,NA,NA,NA
"25",0.437302,NA,NA,NA,NA,NA,NA,NA,NA,NA,NA,NA,NA,NA,NA,NA,NA,NA,NA,NA,NA
"26",0.419629,NA,NA,NA,NA,NA,NA,NA,NA,NA,NA,NA,NA,NA,NA,NA,NA,NA,NA,NA,NA
"27",0.050485,NA,NA,NA,NA,NA,NA,NA,NA,NA,NA,NA,NA,NA,NA,NA,NA,NA,NA,NA,NA
"28",0.458217,NA,NA,NA,NA,NA,NA,NA,NA,NA,NA,NA,NA,NA,NA,NA,NA,NA,NA,NA,NA
"29",0.313865,NA,NA,NA,NA,NA,NA,NA,NA,NA,NA,NA,NA,NA,NA,NA,NA,NA,NA,NA,NA
"30",0.498093,NA,NA,NA,NA,NA,NA,NA,NA,NA,NA,NA,NA,NA,NA,NA,NA,NA,NA,NA,NA
"31",0.544921,NA,NA,NA,NA,NA,NA,NA,NA,NA,NA,NA,NA,NA,NA,NA,NA,NA,NA,NA,NA
"32",0.334153,NA,NA,NA,NA,NA,NA,NA,NA,NA,NA,NA,NA,NA,NA,NA,NA,NA,NA,NA,NA
"33",0.515573,NA,NA,NA,NA,NA,NA,NA,NA,NA,NA,NA,NA,NA,NA,NA,NA,NA,NA,NA,NA
"34",0.213909,NA,NA,NA,NA,NA,NA,NA,NA,NA,NA,NA,NA,NA,NA,NA,NA,NA,NA,NA,NA
"35",0.477285,NA,NA,NA,NA,NA,NA,NA,NA,NA,NA,NA,NA,NA,NA,NA,NA,NA,NA,NA,NA
"36",0.322875,NA,NA,NA,NA,NA,NA,NA,NA,NA,NA,NA,NA,NA,NA,NA,NA,NA,NA,NA,NA
"37",0.454503,NA,NA,NA,NA,NA,NA,NA,NA,NA,NA,NA,NA,NA,NA,NA,NA,NA,NA,NA,NA
"38",0.457449,NA,NA,NA,NA,NA,NA,NA,NA,NA,NA,NA,NA,NA,NA,NA,NA,NA,NA,NA,NA
"39",0.562291,NA,NA,NA,NA,NA,NA,NA,NA,NA,NA,NA,NA,NA,NA,NA,NA,NA,NA,NA,NA
"40",0.043065,NA,NA,NA,NA,NA,NA,NA,NA,NA,NA,NA,NA,NA,NA,NA,NA,NA,NA,NA,NA
"41",0.619355,NA,NA,NA,NA,NA,NA,NA,NA,NA,NA,NA,NA,NA,NA,NA,NA,NA,NA,NA,NA
"42",0.363019,NA,NA,NA,NA,NA,NA,NA,NA,NA,NA,NA,NA,NA,NA,NA,NA,NA,NA,NA,NA
"43",0.365539,NA,NA,NA,NA,NA,NA,NA,NA,NA,NA,NA,NA,NA,NA,NA,NA,NA,NA,NA,NA
"44",0.566496,NA,NA,NA,NA,NA,NA,NA,NA,NA,NA,NA,NA,NA,NA,NA,NA,NA,NA,NA,NA
"45",0.371455,NA,NA,NA,NA,NA,NA,NA,NA,NA,NA,NA,NA,NA,NA,NA,NA,NA,NA,NA,NA
"46",0.486203,NA,NA,NA,NA,NA,NA,NA,NA,NA,NA,NA,NA,NA,NA,NA,NA,NA,NA,NA,NA
"47",0.49253,NA,NA,NA,NA,NA,NA,NA,NA,NA,NA,NA,NA,NA,NA,NA,NA,NA,NA,NA,NA
"48",0.546406,NA,NA,NA,NA,NA,NA,NA,NA,NA,NA,NA,NA,NA,NA,NA,NA,NA,NA,NA,NA
"49",0.65095,NA,NA,NA,NA,NA,NA,NA,NA,NA,NA,NA,NA,NA,NA,NA,NA,NA,NA,NA,NA
"50",0.372612,NA,NA,NA,NA,NA,NA,NA,NA,NA,NA,NA,NA,NA,NA,NA,NA,NA,NA,NA,NA
"51",0.535996,NA,NA,NA,NA,NA,NA,NA,NA,NA,NA,NA,NA,NA,NA,NA,NA,NA,NA,NA,NA
"52",0.65636,NA,NA,NA,NA,NA,NA,NA,NA,NA,NA,NA,NA,NA,NA,NA,NA,NA,NA,NA,NA
"53",0.452652,NA,NA,NA,NA,NA,NA,NA,NA,NA,NA,NA,NA,NA,NA,NA,NA,NA,NA,NA,NA
"54",0.450964,NA,NA,NA,NA,NA,NA,NA,NA,NA,NA,NA,NA,NA,NA,NA,NA,NA,NA,NA,NA
"55",0.456929,NA,NA,NA,NA,NA,NA,NA,NA,NA,NA,NA,NA,NA,NA,NA,NA,NA,NA,NA,NA
"56",0.25292,NA,NA,NA,NA,NA,NA,NA,NA,NA,NA,NA,NA,NA,NA,NA,NA,NA,NA,NA,NA
"57",0.555662,NA,NA,NA,NA,NA,NA,NA,NA,NA,NA,NA,NA,NA,NA,NA,NA,NA,NA,NA,NA
"58",0.513463,NA,NA,NA,NA,NA,NA,NA,NA,NA,NA,NA,NA,NA,NA,NA,NA,NA,NA,NA,NA
"59",0.395493,NA,NA,NA,NA,NA,NA,NA,NA,NA,NA,NA,NA,NA,NA,NA,NA,NA,NA,NA,NA
"60",0.398731,NA,NA,NA,NA,NA,NA,NA,NA,NA,NA,NA,NA,NA,NA,NA,NA,NA,NA,NA,NA
"61",0.29773,NA,NA,NA,NA,NA,NA,NA,NA,NA,NA,NA,NA,NA,NA,NA,NA,NA,NA,NA,NA
"62",NA,0.129605,NA,NA,NA,NA,NA,NA,NA,NA,NA,NA,NA,NA,NA,NA,NA,NA,NA,NA,NA
"63",NA,0.406705,NA,NA,NA,NA,NA,NA,NA,NA,NA,NA,NA,NA,NA,NA,NA,NA,NA,NA,NA
"64",NA,0.460573,NA,NA,NA,NA,NA,NA,NA,NA,NA,NA,NA,NA,NA,NA,NA,NA,NA,NA,NA
"65",NA,0.472337,NA,NA,NA,NA,NA,NA,NA,NA,NA,NA,NA,NA,NA,NA,NA,NA,NA,NA,NA
"66",NA,0.318201,NA,NA,NA,NA,NA,NA,NA,NA,NA,NA,NA,NA,NA,NA,NA,NA,NA,NA,NA
"67",NA,0.369738,NA,NA,NA,NA,NA,NA,NA,NA,NA,NA,NA,NA,NA,NA,NA,NA,NA,NA,NA
"68",NA,0.325619,NA,NA,NA,NA,NA,NA,NA,NA,NA,NA,NA,NA,NA,NA,NA,NA,NA,NA,NA
"69",NA,0.542574,NA,NA,NA,NA,NA,NA,NA,NA,NA,NA,NA,NA,NA,NA,NA,NA,NA,NA,NA
"70",NA,0.15776,NA,NA,NA,NA,NA,NA,NA,NA,NA,NA,NA,NA,NA,NA,NA,NA,NA,NA,NA
"71",NA,0.372089,NA,NA,NA,NA,NA,NA,NA,NA,NA,NA,NA,NA,NA,NA,NA,NA,NA,NA,NA
"72",NA,0.218161,NA,NA,NA,NA,NA,NA,NA,NA,NA,NA,NA,NA,NA,NA,NA,NA,NA,NA,NA
"73",NA,0.544205,NA,NA,NA,NA,NA,NA,NA,NA,NA,NA,NA,NA,NA,NA,NA,NA,NA,NA,NA
"74",NA,0.303794,NA,NA,NA,NA,NA,NA,NA,NA,NA,NA,NA,NA,NA,NA,NA,NA,NA,NA,NA
"75",NA,0.226911,NA,NA,NA,NA,NA,NA,NA,NA,NA,NA,NA,NA,NA,NA,NA,NA,NA,NA,NA
"76",NA,-0.03771,NA,NA,NA,NA,NA,NA,NA,NA,NA,NA,NA,NA,NA,NA,NA,NA,NA,NA,NA
"77",NA,1.027379,NA,NA,NA,NA,NA,NA,NA,NA,NA,NA,NA,NA,NA,NA,NA,NA,NA,NA,NA
"78",NA,0.411168,NA,NA,NA,NA,NA,NA,NA,NA,NA,NA,NA,NA,NA,NA,NA,NA,NA,NA,NA
"79",NA,0.497707,NA,NA,NA,NA,NA,NA,NA,NA,NA,NA,NA,NA,NA,NA,NA,NA,NA,NA,NA
"80",NA,0.487867,NA,NA,NA,NA,NA,NA,NA,NA,NA,NA,NA,NA,NA,NA,NA,NA,NA,NA,NA
"81",NA,0.13982,NA,NA,NA,NA,NA,NA,NA,NA,NA,NA,NA,NA,NA,NA,NA,NA,NA,NA,NA
"82",NA,0.317384,NA,NA,NA,NA,NA,NA,NA,NA,NA,NA,NA,NA,NA,NA,NA,NA,NA,NA,NA
"83",NA,0.622298,NA,NA,NA,NA,NA,NA,NA,NA,NA,NA,NA,NA,NA,NA,NA,NA,NA,NA,NA
"84",NA,0.391968,NA,NA,NA,NA,NA,NA,NA,NA,NA,NA,NA,NA,NA,NA,NA,NA,NA,NA,NA
"85",NA,0.624611,NA,NA,NA,NA,NA,NA,NA,NA,NA,NA,NA,NA,NA,NA,NA,NA,NA,NA,NA
"86",NA,0.461815,NA,NA,NA,NA,NA,NA,NA,NA,NA,NA,NA,NA,NA,NA,NA,NA,NA,NA,NA
"87",NA,0.528296,NA,NA,NA,NA,NA,NA,NA,NA,NA,NA,NA,NA,NA,NA,NA,NA,NA,NA,NA
"88",NA,0.852483,NA,NA,NA,NA,NA,NA,NA,NA,NA,NA,NA,NA,NA,NA,NA,NA,NA,NA,NA
"89",NA,1.000045,NA,NA,NA,NA,NA,NA,NA,NA,NA,NA,NA,NA,NA,NA,NA,NA,NA,NA,NA
"90",NA,0.483813,NA,NA,NA,NA,NA,NA,NA,NA,NA,NA,NA,NA,NA,NA,NA,NA,NA,NA,NA
"91",NA,0.630969,NA,NA,NA,NA,NA,NA,NA,NA,NA,NA,NA,NA,NA,NA,NA,NA,NA,NA,NA
"92",NA,0.483445,NA,NA,NA,NA,NA,NA,NA,NA,NA,NA,NA,NA,NA,NA,NA,NA,NA,NA,NA
"93",NA,0.662413,NA,NA,NA,NA,NA,NA,NA,NA,NA,NA,NA,NA,NA,NA,NA,NA,NA,NA,NA
"94",NA,0.923098,NA,NA,NA,NA,NA,NA,NA,NA,NA,NA,NA,NA,NA,NA,NA,NA,NA,NA,NA
"95",NA,0.864067,NA,NA,NA,NA,NA,NA,NA,NA,NA,NA,NA,NA,NA,NA,NA,NA,NA,NA,NA
"96",NA,0.329424,NA,NA,NA,NA,NA,NA,NA,NA,NA,NA,NA,NA,NA,NA,NA,NA,NA,NA,NA
"97",NA,0.332145,NA,NA,NA,NA,NA,NA,NA,NA,NA,NA,NA,NA,NA,NA,NA,NA,NA,NA,NA
"98",NA,0.630361,NA,NA,NA,NA,NA,NA,NA,NA,NA,NA,NA,NA,NA,NA,NA,NA,NA,NA,NA
"99",NA,0.464723,NA,NA,NA,NA,NA,NA,NA,NA,NA,NA,NA,NA,NA,NA,NA,NA,NA,NA,NA
"100",NA,NA,0.328093,NA,NA,NA,NA,NA,NA,NA,NA,NA,NA,NA,NA,NA,NA,NA,NA,NA,NA
"101",NA,NA,0.550225,NA,NA,NA,NA,NA,NA,NA,NA,NA,NA,NA,NA,NA,NA,NA,NA,NA,NA
"102",NA,NA,0.672027,NA,NA,NA,NA,NA,NA,NA,NA,NA,NA,NA,NA,NA,NA,NA,NA,NA,NA
"103",NA,NA,0.391068,NA,NA,NA,NA,NA,NA,NA,NA,NA,NA,NA,NA,NA,NA,NA,NA,NA,NA
"104",NA,NA,0.335785,NA,NA,NA,NA,NA,NA,NA,NA,NA,NA,NA,NA,NA,NA,NA,NA,NA,NA
"105",NA,NA,0.692629,NA,NA,NA,NA,NA,NA,NA,NA,NA,NA,NA,NA,NA,NA,NA,NA,NA,NA
"106",NA,NA,0.516027,NA,NA,NA,NA,NA,NA,NA,NA,NA,NA,NA,NA,NA,NA,NA,NA,NA,NA
"107",NA,NA,0.75277,NA,NA,NA,NA,NA,NA,NA,NA,NA,NA,NA,NA,NA,NA,NA,NA,NA,NA
"108",NA,NA,0.285163,NA,NA,NA,NA,NA,NA,NA,NA,NA,NA,NA,NA,NA,NA,NA,NA,NA,NA
"109",NA,NA,0.893359,NA,NA,NA,NA,NA,NA,NA,NA,NA,NA,NA,NA,NA,NA,NA,NA,NA,NA
"110",NA,NA,0.555021,NA,NA,NA,NA,NA,NA,NA,NA,NA,NA,NA,NA,NA,NA,NA,NA,NA,NA
"111",NA,NA,0.180536,NA,NA,NA,NA,NA,NA,NA,NA,NA,NA,NA,NA,NA,NA,NA,NA,NA,NA
"112",NA,NA,0.264176,NA,NA,NA,NA,NA,NA,NA,NA,NA,NA,NA,NA,NA,NA,NA,NA,NA,NA
"113",NA,NA,0.314751,NA,NA,NA,NA,NA,NA,NA,NA,NA,NA,NA,NA,NA,NA,NA,NA,NA,NA
"114",NA,NA,0.272644,NA,NA,NA,NA,NA,NA,NA,NA,NA,NA,NA,NA,NA,NA,NA,NA,NA,NA
"115",NA,NA,0.458676,NA,NA,NA,NA,NA,NA,NA,NA,NA,NA,NA,NA,NA,NA,NA,NA,NA,NA
"116",NA,NA,0.36321,NA,NA,NA,NA,NA,NA,NA,NA,NA,NA,NA,NA,NA,NA,NA,NA,NA,NA
"117",NA,NA,0.149207,NA,NA,NA,NA,NA,NA,NA,NA,NA,NA,NA,NA,NA,NA,NA,NA,NA,NA
"118",NA,NA,0.488203,NA,NA,NA,NA,NA,NA,NA,NA,NA,NA,NA,NA,NA,NA,NA,NA,NA,NA
"119",NA,NA,0.943213,NA,NA,NA,NA,NA,NA,NA,NA,NA,NA,NA,NA,NA,NA,NA,NA,NA,NA
"120",NA,NA,0.525625,NA,NA,NA,NA,NA,NA,NA,NA,NA,NA,NA,NA,NA,NA,NA,NA,NA,NA
"121",NA,NA,0.685253,NA,NA,NA,NA,NA,NA,NA,NA,NA,NA,NA,NA,NA,NA,NA,NA,NA,NA
"122",NA,NA,0.751742,NA,NA,NA,NA,NA,NA,NA,NA,NA,NA,NA,NA,NA,NA,NA,NA,NA,NA
"123",NA,NA,0.768533,NA,NA,NA,NA,NA,NA,NA,NA,NA,NA,NA,NA,NA,NA,NA,NA,NA,NA
"124",NA,NA,1.240189,NA,NA,NA,NA,NA,NA,NA,NA,NA,NA,NA,NA,NA,NA,NA,NA,NA,NA
"125",NA,NA,0.754959,NA,NA,NA,NA,NA,NA,NA,NA,NA,NA,NA,NA,NA,NA,NA,NA,NA,NA
"126",NA,NA,0.599994,NA,NA,NA,NA,NA,NA,NA,NA,NA,NA,NA,NA,NA,NA,NA,NA,NA,NA
"127",NA,NA,1.317243,NA,NA,NA,NA,NA,NA,NA,NA,NA,NA,NA,NA,NA,NA,NA,NA,NA,NA
"128",NA,NA,0.591795,NA,NA,NA,NA,NA,NA,NA,NA,NA,NA,NA,NA,NA,NA,NA,NA,NA,NA
"129",NA,NA,0.980985,NA,NA,NA,NA,NA,NA,NA,NA,NA,NA,NA,NA,NA,NA,NA,NA,NA,NA
"130",NA,NA,0.762917,NA,NA,NA,NA,NA,NA,NA,NA,NA,NA,NA,NA,NA,NA,NA,NA,NA,NA
"131",NA,NA,0.650335,NA,NA,NA,NA,NA,NA,NA,NA,NA,NA,NA,NA,NA,NA,NA,NA,NA,NA
"132",NA,NA,0.85379,NA,NA,NA,NA,NA,NA,NA,NA,NA,NA,NA,NA,NA,NA,NA,NA,NA,NA
"133",NA,NA,0.842934,NA,NA,NA,NA,NA,NA,NA,NA,NA,NA,NA,NA,NA,NA,NA,NA,NA,NA
"134",NA,NA,0.516522,NA,NA,NA,NA,NA,NA,NA,NA,NA,NA,NA,NA,NA,NA,NA,NA,NA,NA
"135",NA,NA,0.415028,NA,NA,NA,NA,NA,NA,NA,NA,NA,NA,NA,NA,NA,NA,NA,NA,NA,NA
"136",NA,NA,0.50649,NA,NA,NA,NA,NA,NA,NA,NA,NA,NA,NA,NA,NA,NA,NA,NA,NA,NA
"137",NA,NA,0.822799,NA,NA,NA,NA,NA,NA,NA,NA,NA,NA,NA,NA,NA,NA,NA,NA,NA,NA
"138",NA,NA,0.472429,NA,NA,NA,NA,NA,NA,NA,NA,NA,NA,NA,NA,NA,NA,NA,NA,NA,NA
"139",NA,NA,NA,0.605207,NA,NA,NA,NA,NA,NA,NA,NA,NA,NA,NA,NA,NA,NA,NA,NA,NA
"140",NA,NA,NA,1.212113,NA,NA,NA,NA,NA,NA,NA,NA,NA,NA,NA,NA,NA,NA,NA,NA,NA
"141",NA,NA,NA,1.524323,NA,NA,NA,NA,NA,NA,NA,NA,NA,NA,NA,NA,NA,NA,NA,NA,NA
"142",NA,NA,NA,0.743435,NA,NA,NA,NA,NA,NA,NA,NA,NA,NA,NA,NA,NA,NA,NA,NA,NA
"143",NA,NA,NA,0.333733,NA,NA,NA,NA,NA,NA,NA,NA,NA,NA,NA,NA,NA,NA,NA,NA,NA
"144",NA,NA,NA,0.566226,NA,NA,NA,NA,NA,NA,NA,NA,NA,NA,NA,NA,NA,NA,NA,NA,NA
"145",NA,NA,NA,0.429242,NA,NA,NA,NA,NA,NA,NA,NA,NA,NA,NA,NA,NA,NA,NA,NA,NA
"146",NA,NA,NA,0.486822,NA,NA,NA,NA,NA,NA,NA,NA,NA,NA,NA,NA,NA,NA,NA,NA,NA
"147",NA,NA,NA,0.57733,NA,NA,NA,NA,NA,NA,NA,NA,NA,NA,NA,NA,NA,NA,NA,NA,NA
"148",NA,NA,NA,0.672225,NA,NA,NA,NA,NA,NA,NA,NA,NA,NA,NA,NA,NA,NA,NA,NA,NA
"149",NA,NA,NA,0.367001,NA,NA,NA,NA,NA,NA,NA,NA,NA,NA,NA,NA,NA,NA,NA,NA,NA
"150",NA,NA,NA,0.405194,NA,NA,NA,NA,NA,NA,NA,NA,NA,NA,NA,NA,NA,NA,NA,NA,NA
"151",NA,NA,NA,0.496341,NA,NA,NA,NA,NA,NA,NA,NA,NA,NA,NA,NA,NA,NA,NA,NA,NA
"152",NA,NA,NA,0.508066,NA,NA,NA,NA,NA,NA,NA,NA,NA,NA,NA,NA,NA,NA,NA,NA,NA
"153",NA,NA,NA,1.253048,NA,NA,NA,NA,NA,NA,NA,NA,NA,NA,NA,NA,NA,NA,NA,NA,NA
"154",NA,NA,NA,0.931949,NA,NA,NA,NA,NA,NA,NA,NA,NA,NA,NA,NA,NA,NA,NA,NA,NA
"155",NA,NA,NA,0.947722,NA,NA,NA,NA,NA,NA,NA,NA,NA,NA,NA,NA,NA,NA,NA,NA,NA
"156",NA,NA,NA,0.620329,NA,NA,NA,NA,NA,NA,NA,NA,NA,NA,NA,NA,NA,NA,NA,NA,NA
"157",NA,NA,NA,0.785371,NA,NA,NA,NA,NA,NA,NA,NA,NA,NA,NA,NA,NA,NA,NA,NA,NA
"158",NA,NA,NA,0.803011,NA,NA,NA,NA,NA,NA,NA,NA,NA,NA,NA,NA,NA,NA,NA,NA,NA
"159",NA,NA,NA,0.439325,NA,NA,NA,NA,NA,NA,NA,NA,NA,NA,NA,NA,NA,NA,NA,NA,NA
"160",NA,NA,NA,0.819849,NA,NA,NA,NA,NA,NA,NA,NA,NA,NA,NA,NA,NA,NA,NA,NA,NA
"161",NA,NA,NA,0.688581,NA,NA,NA,NA,NA,NA,NA,NA,NA,NA,NA,NA,NA,NA,NA,NA,NA
"162",NA,NA,NA,0.594936,NA,NA,NA,NA,NA,NA,NA,NA,NA,NA,NA,NA,NA,NA,NA,NA,NA
"163",NA,NA,NA,0.612832,NA,NA,NA,NA,NA,NA,NA,NA,NA,NA,NA,NA,NA,NA,NA,NA,NA
"164",NA,NA,NA,0.88059,NA,NA,NA,NA,NA,NA,NA,NA,NA,NA,NA,NA,NA,NA,NA,NA,NA
"165",NA,NA,NA,1.413451,NA,NA,NA,NA,NA,NA,NA,NA,NA,NA,NA,NA,NA,NA,NA,NA,NA
"166",NA,NA,NA,0.229792,NA,NA,NA,NA,NA,NA,NA,NA,NA,NA,NA,NA,NA,NA,NA,NA,NA
"167",NA,NA,NA,0.16354,NA,NA,NA,NA,NA,NA,NA,NA,NA,NA,NA,NA,NA,NA,NA,NA,NA
"168",NA,NA,NA,0.894022,NA,NA,NA,NA,NA,NA,NA,NA,NA,NA,NA,NA,NA,NA,NA,NA,NA
"169",NA,NA,NA,0.554343,NA,NA,NA,NA,NA,NA,NA,NA,NA,NA,NA,NA,NA,NA,NA,NA,NA
"170",NA,NA,NA,0.337781,NA,NA,NA,NA,NA,NA,NA,NA,NA,NA,NA,NA,NA,NA,NA,NA,NA
"171",NA,NA,NA,0.581271,NA,NA,NA,NA,NA,NA,NA,NA,NA,NA,NA,NA,NA,NA,NA,NA,NA
"172",NA,NA,NA,0.34012,NA,NA,NA,NA,NA,NA,NA,NA,NA,NA,NA,NA,NA,NA,NA,NA,NA
"173",NA,NA,NA,0.87015,NA,NA,NA,NA,NA,NA,NA,NA,NA,NA,NA,NA,NA,NA,NA,NA,NA
"174",NA,NA,NA,0.620649,NA,NA,NA,NA,NA,NA,NA,NA,NA,NA,NA,NA,NA,NA,NA,NA,NA
"175",NA,NA,NA,0.725484,NA,NA,NA,NA,NA,NA,NA,NA,NA,NA,NA,NA,NA,NA,NA,NA,NA
"176",NA,NA,NA,0.380477,NA,NA,NA,NA,NA,NA,NA,NA,NA,NA,NA,NA,NA,NA,NA,NA,NA
"177",NA,NA,NA,0.514857,NA,NA,NA,NA,NA,NA,NA,NA,NA,NA,NA,NA,NA,NA,NA,NA,NA
"178",NA,NA,NA,NA,NA,NA,NA,NA,NA,NA,NA,NA,NA,NA,NA,NA,NA,NA,NA,NA,NA
"179",NA,NA,NA,NA,NA,NA,NA,NA,NA,NA,NA,NA,NA,NA,NA,NA,NA,NA,NA,NA,NA
"180",NA,NA,NA,NA,NA,NA,NA,NA,NA,NA,NA,NA,NA,NA,NA,NA,NA,NA,NA,NA,NA
"181",NA,NA,NA,NA,NA,NA,NA,NA,NA,NA,NA,NA,NA,NA,NA,NA,NA,NA,NA,NA,NA
"182",NA,NA,NA,NA,NA,NA,NA,NA,NA,NA,NA,NA,NA,NA,NA,NA,NA,NA,NA,NA,NA
"183",NA,NA,NA,NA,NA,NA,NA,NA,NA,NA,NA,NA,NA,NA,NA,NA,NA,NA,NA,NA,NA
"184",NA,NA,NA,NA,NA,NA,NA,NA,NA,NA,NA,NA,NA,NA,NA,NA,NA,NA,NA,NA,NA
"185",NA,NA,NA,NA,NA,NA,NA,NA,NA,NA,NA,NA,NA,NA,NA,NA,NA,NA,NA,NA,NA
"186",NA,NA,NA,NA,0.332101,NA,NA,NA,NA,NA,NA,NA,NA,NA,NA,NA,NA,NA,NA,NA,NA
"187",NA,NA,NA,NA,0.448481,NA,NA,NA,NA,NA,NA,NA,NA,NA,NA,NA,NA,NA,NA,NA,NA
"188",NA,NA,NA,NA,0.62563,NA,NA,NA,NA,NA,NA,NA,NA,NA,NA,NA,NA,NA,NA,NA,NA
"189",NA,NA,NA,NA,0.081865,NA,NA,NA,NA,NA,NA,NA,NA,NA,NA,NA,NA,NA,NA,NA,NA
"190",NA,NA,NA,NA,0.273827,NA,NA,NA,NA,NA,NA,NA,NA,NA,NA,NA,NA,NA,NA,NA,NA
"191",NA,NA,NA,NA,0.777974,NA,NA,NA,NA,NA,NA,NA,NA,NA,NA,NA,NA,NA,NA,NA,NA
"192",NA,NA,NA,NA,0.642337,NA,NA,NA,NA,NA,NA,NA,NA,NA,NA,NA,NA,NA,NA,NA,NA
"193",NA,NA,NA,NA,0.617043,NA,NA,NA,NA,NA,NA,NA,NA,NA,NA,NA,NA,NA,NA,NA,NA
"194",NA,NA,NA,NA,0.191977,NA,NA,NA,NA,NA,NA,NA,NA,NA,NA,NA,NA,NA,NA,NA,NA
"195",NA,NA,NA,NA,1.280666,NA,NA,NA,NA,NA,NA,NA,NA,NA,NA,NA,NA,NA,NA,NA,NA
"196",NA,NA,NA,NA,0.268851,NA,NA,NA,NA,NA,NA,NA,NA,NA,NA,NA,NA,NA,NA,NA,NA
"197",NA,NA,NA,NA,0.282392,NA,NA,NA,NA,NA,NA,NA,NA,NA,NA,NA,NA,NA,NA,NA,NA
"198",NA,NA,NA,NA,0.666736,NA,NA,NA,NA,NA,NA,NA,NA,NA,NA,NA,NA,NA,NA,NA,NA
"199",NA,NA,NA,NA,0.552398,NA,NA,NA,NA,NA,NA,NA,NA,NA,NA,NA,NA,NA,NA,NA,NA
"200",NA,NA,NA,NA,0.92324,NA,NA,NA,NA,NA,NA,NA,NA,NA,NA,NA,NA,NA,NA,NA,NA
"201",NA,NA,NA,NA,0.551632,NA,NA,NA,NA,NA,NA,NA,NA,NA,NA,NA,NA,NA,NA,NA,NA
"202",NA,NA,NA,NA,0.613707,NA,NA,NA,NA,NA,NA,NA,NA,NA,NA,NA,NA,NA,NA,NA,NA
"203",NA,NA,NA,NA,0.549251,NA,NA,NA,NA,NA,NA,NA,NA,NA,NA,NA,NA,NA,NA,NA,NA
"204",NA,NA,NA,NA,0.277486,NA,NA,NA,NA,NA,NA,NA,NA,NA,NA,NA,NA,NA,NA,NA,NA
"205",NA,NA,NA,NA,0.901967,NA,NA,NA,NA,NA,NA,NA,NA,NA,NA,NA,NA,NA,NA,NA,NA
"206",NA,NA,NA,NA,0.392233,NA,NA,NA,NA,NA,NA,NA,NA,NA,NA,NA,NA,NA,NA,NA,NA
"207",NA,NA,NA,NA,0.986434,NA,NA,NA,NA,NA,NA,NA,NA,NA,NA,NA,NA,NA,NA,NA,NA
"208",NA,NA,NA,NA,0.636902,NA,NA,NA,NA,NA,NA,NA,NA,NA,NA,NA,NA,NA,NA,NA,NA
"209",NA,NA,NA,NA,0.324053,NA,NA,NA,NA,NA,NA,NA,NA,NA,NA,NA,NA,NA,NA,NA,NA
"210",NA,NA,NA,NA,0.2471,NA,NA,NA,NA,NA,NA,NA,NA,NA,NA,NA,NA,NA,NA,NA,NA
"211",NA,NA,NA,NA,0.621847,NA,NA,NA,NA,NA,NA,NA,NA,NA,NA,NA,NA,NA,NA,NA,NA
"212",NA,NA,NA,NA,1.341339,NA,NA,NA,NA,NA,NA,NA,NA,NA,NA,NA,NA,NA,NA,NA,NA
"213",NA,NA,NA,NA,0.569409,NA,NA,NA,NA,NA,NA,NA,NA,NA,NA,NA,NA,NA,NA,NA,NA
"214",NA,NA,NA,NA,-0.10262,NA,NA,NA,NA,NA,NA,NA,NA,NA,NA,NA,NA,NA,NA,NA,NA
"215",NA,NA,NA,NA,1.245871,NA,NA,NA,NA,NA,NA,NA,NA,NA,NA,NA,NA,NA,NA,NA,NA
"216",NA,NA,NA,NA,0.559325,NA,NA,NA,NA,NA,NA,NA,NA,NA,NA,NA,NA,NA,NA,NA,NA
"217",NA,NA,NA,NA,0.60332,NA,NA,NA,NA,NA,NA,NA,NA,NA,NA,NA,NA,NA,NA,NA,NA
"218",NA,NA,NA,NA,0.87288,NA,NA,NA,NA,NA,NA,NA,NA,NA,NA,NA,NA,NA,NA,NA,NA
"219",NA,NA,NA,NA,0.220869,NA,NA,NA,NA,NA,NA,NA,NA,NA,NA,NA,NA,NA,NA,NA,NA
"220",NA,NA,NA,NA,0.216236,NA,NA,NA,NA,NA,NA,NA,NA,NA,NA,NA,NA,NA,NA,NA,NA
"221",NA,NA,NA,NA,0.345827,NA,NA,NA,NA,NA,NA,NA,NA,NA,NA,NA,NA,NA,NA,NA,NA
"222",NA,NA,NA,NA,0.873976,NA,NA,NA,NA,NA,NA,NA,NA,NA,NA,NA,NA,NA,NA,NA,NA
"223",NA,NA,NA,NA,0.452609,NA,NA,NA,NA,NA,NA,NA,NA,NA,NA,NA,NA,NA,NA,NA,NA
"224",NA,NA,NA,NA,NA,0.472276,NA,NA,NA,NA,NA,NA,NA,NA,NA,NA,NA,NA,NA,NA,NA
"225",NA,NA,NA,NA,NA,0.319662,NA,NA,NA,NA,NA,NA,NA,NA,NA,NA,NA,NA,NA,NA,NA
"226",NA,NA,NA,NA,NA,0.243133,NA,NA,NA,NA,NA,NA,NA,NA,NA,NA,NA,NA,NA,NA,NA
"227",NA,NA,NA,NA,NA,0.023221,NA,NA,NA,NA,NA,NA,NA,NA,NA,NA,NA,NA,NA,NA,NA
"228",NA,NA,NA,NA,NA,0.282051,NA,NA,NA,NA,NA,NA,NA,NA,NA,NA,NA,NA,NA,NA,NA
"229",NA,NA,NA,NA,NA,0.421163,NA,NA,NA,NA,NA,NA,NA,NA,NA,NA,NA,NA,NA,NA,NA
"230",NA,NA,NA,NA,NA,0.435771,NA,NA,NA,NA,NA,NA,NA,NA,NA,NA,NA,NA,NA,NA,NA
"231",NA,NA,NA,NA,NA,0.488706,NA,NA,NA,NA,NA,NA,NA,NA,NA,NA,NA,NA,NA,NA,NA
"232",NA,NA,NA,NA,NA,0.587444,NA,NA,NA,NA,NA,NA,NA,NA,NA,NA,NA,NA,NA,NA,NA
"233",NA,NA,NA,NA,NA,0.249162,NA,NA,NA,NA,NA,NA,NA,NA,NA,NA,NA,NA,NA,NA,NA
"234",NA,NA,NA,NA,NA,0.715546,NA,NA,NA,NA,NA,NA,NA,NA,NA,NA,NA,NA,NA,NA,NA
"235",NA,NA,NA,NA,NA,0.118596,NA,NA,NA,NA,NA,NA,NA,NA,NA,NA,NA,NA,NA,NA,NA
"236",NA,NA,NA,NA,NA,0.54773,NA,NA,NA,NA,NA,NA,NA,NA,NA,NA,NA,NA,NA,NA,NA
"237",NA,NA,NA,NA,NA,0.622259,NA,NA,NA,NA,NA,NA,NA,NA,NA,NA,NA,NA,NA,NA,NA
"238",NA,NA,NA,NA,NA,0.423187,NA,NA,NA,NA,NA,NA,NA,NA,NA,NA,NA,NA,NA,NA,NA
"239",NA,NA,NA,NA,NA,0.35487,NA,NA,NA,NA,NA,NA,NA,NA,NA,NA,NA,NA,NA,NA,NA
"240",NA,NA,NA,NA,NA,0.619167,NA,NA,NA,NA,NA,NA,NA,NA,NA,NA,NA,NA,NA,NA,NA
"241",NA,NA,NA,NA,NA,0.5217,NA,NA,NA,NA,NA,NA,NA,NA,NA,NA,NA,NA,NA,NA,NA
"242",NA,NA,NA,NA,NA,0.424531,NA,NA,NA,NA,NA,NA,NA,NA,NA,NA,NA,NA,NA,NA,NA
"243",NA,NA,NA,NA,NA,0.580354,NA,NA,NA,NA,NA,NA,NA,NA,NA,NA,NA,NA,NA,NA,NA
"244",NA,NA,NA,NA,NA,0.615185,NA,NA,NA,NA,NA,NA,NA,NA,NA,NA,NA,NA,NA,NA,NA
"245",NA,NA,NA,NA,NA,0.594065,NA,NA,NA,NA,NA,NA,NA,NA,NA,NA,NA,NA,NA,NA,NA
"246",NA,NA,NA,NA,NA,0.465067,NA,NA,NA,NA,NA,NA,NA,NA,NA,NA,NA,NA,NA,NA,NA
"247",NA,NA,NA,NA,NA,0.297062,NA,NA,NA,NA,NA,NA,NA,NA,NA,NA,NA,NA,NA,NA,NA
"248",NA,NA,NA,NA,NA,0.530987,NA,NA,NA,NA,NA,NA,NA,NA,NA,NA,NA,NA,NA,NA,NA
"249",NA,NA,NA,NA,NA,0.739779,NA,NA,NA,NA,NA,NA,NA,NA,NA,NA,NA,NA,NA,NA,NA
"250",NA,NA,NA,NA,NA,0.211978,NA,NA,NA,NA,NA,NA,NA,NA,NA,NA,NA,NA,NA,NA,NA
"251",NA,NA,NA,NA,NA,0.631074,NA,NA,NA,NA,NA,NA,NA,NA,NA,NA,NA,NA,NA,NA,NA
"252",NA,NA,NA,NA,NA,0.164997,NA,NA,NA,NA,NA,NA,NA,NA,NA,NA,NA,NA,NA,NA,NA
"253",NA,NA,NA,NA,NA,0.39992,NA,NA,NA,NA,NA,NA,NA,NA,NA,NA,NA,NA,NA,NA,NA
"254",NA,NA,NA,NA,NA,0.410262,NA,NA,NA,NA,NA,NA,NA,NA,NA,NA,NA,NA,NA,NA,NA
"255",NA,NA,NA,NA,NA,0.37408,NA,NA,NA,NA,NA,NA,NA,NA,NA,NA,NA,NA,NA,NA,NA
"256",NA,NA,NA,NA,NA,0.325049,NA,NA,NA,NA,NA,NA,NA,NA,NA,NA,NA,NA,NA,NA,NA
"257",NA,NA,NA,NA,NA,0.758846,NA,NA,NA,NA,NA,NA,NA,NA,NA,NA,NA,NA,NA,NA,NA
"258",NA,NA,NA,NA,NA,0.432071,NA,NA,NA,NA,NA,NA,NA,NA,NA,NA,NA,NA,NA,NA,NA
"259",NA,NA,NA,NA,NA,0.518754,NA,NA,NA,NA,NA,NA,NA,NA,NA,NA,NA,NA,NA,NA,NA
"260",NA,NA,NA,NA,NA,NA,0.532758,NA,NA,NA,NA,NA,NA,NA,NA,NA,NA,NA,NA,NA,NA
"261",NA,NA,NA,NA,NA,NA,0.502397,NA,NA,NA,NA,NA,NA,NA,NA,NA,NA,NA,NA,NA,NA
"262",NA,NA,NA,NA,NA,NA,0.346518,NA,NA,NA,NA,NA,NA,NA,NA,NA,NA,NA,NA,NA,NA
"263",NA,NA,NA,NA,NA,NA,0.257427,NA,NA,NA,NA,NA,NA,NA,NA,NA,NA,NA,NA,NA,NA
"264",NA,NA,NA,NA,NA,NA,0.489446,NA,NA,NA,NA,NA,NA,NA,NA,NA,NA,NA,NA,NA,NA
"265",NA,NA,NA,NA,NA,NA,0.399243,NA,NA,NA,NA,NA,NA,NA,NA,NA,NA,NA,NA,NA,NA
"266",NA,NA,NA,NA,NA,NA,0.317341,NA,NA,NA,NA,NA,NA,NA,NA,NA,NA,NA,NA,NA,NA
"267",NA,NA,NA,NA,NA,NA,NA,NA,NA,NA,NA,NA,NA,NA,NA,NA,NA,NA,NA,NA,NA
"268",NA,NA,NA,NA,NA,NA,NA,NA,NA,NA,NA,NA,NA,NA,NA,NA,NA,NA,NA,NA,NA
"269",NA,NA,NA,NA,NA,NA,0.464521,NA,NA,NA,NA,NA,NA,NA,NA,NA,NA,NA,NA,NA,NA
"270",NA,NA,NA,NA,NA,NA,0.788041,NA,NA,NA,NA,NA,NA,NA,NA,NA,NA,NA,NA,NA,NA
"271",NA,NA,NA,NA,NA,NA,0.60384,NA,NA,NA,NA,NA,NA,NA,NA,NA,NA,NA,NA,NA,NA
"272",NA,NA,NA,NA,NA,NA,0.400039,NA,NA,NA,NA,NA,NA,NA,NA,NA,NA,NA,NA,NA,NA
"273",NA,NA,NA,NA,NA,NA,0.414284,NA,NA,NA,NA,NA,NA,NA,NA,NA,NA,NA,NA,NA,NA
"274",NA,NA,NA,NA,NA,NA,0.509791,NA,NA,NA,NA,NA,NA,NA,NA,NA,NA,NA,NA,NA,NA
"275",NA,NA,NA,NA,NA,NA,0.642399,NA,NA,NA,NA,NA,NA,NA,NA,NA,NA,NA,NA,NA,NA
"276",NA,NA,NA,NA,NA,NA,0.261469,NA,NA,NA,NA,NA,NA,NA,NA,NA,NA,NA,NA,NA,NA
"277",NA,NA,NA,NA,NA,NA,0.389966,NA,NA,NA,NA,NA,NA,NA,NA,NA,NA,NA,NA,NA,NA
"278",NA,NA,NA,NA,NA,NA,0.320743,NA,NA,NA,NA,NA,NA,NA,NA,NA,NA,NA,NA,NA,NA
"279",NA,NA,NA,NA,NA,NA,0.301937,NA,NA,NA,NA,NA,NA,NA,NA,NA,NA,NA,NA,NA,NA
"280",NA,NA,NA,NA,NA,NA,0.402876,NA,NA,NA,NA,NA,NA,NA,NA,NA,NA,NA,NA,NA,NA
"281",NA,NA,NA,NA,NA,NA,0.341754,NA,NA,NA,NA,NA,NA,NA,NA,NA,NA,NA,NA,NA,NA
"282",NA,NA,NA,NA,NA,NA,0.431741,NA,NA,NA,NA,NA,NA,NA,NA,NA,NA,NA,NA,NA,NA
"283",NA,NA,NA,NA,NA,NA,0.621367,NA,NA,NA,NA,NA,NA,NA,NA,NA,NA,NA,NA,NA,NA
"284",NA,NA,NA,NA,NA,NA,0.486994,NA,NA,NA,NA,NA,NA,NA,NA,NA,NA,NA,NA,NA,NA
"285",NA,NA,NA,NA,NA,NA,1.148334,NA,NA,NA,NA,NA,NA,NA,NA,NA,NA,NA,NA,NA,NA
"286",NA,NA,NA,NA,NA,NA,0.531434,NA,NA,NA,NA,NA,NA,NA,NA,NA,NA,NA,NA,NA,NA
"287",NA,NA,NA,NA,NA,NA,1.325416,NA,NA,NA,NA,NA,NA,NA,NA,NA,NA,NA,NA,NA,NA
"288",NA,NA,NA,NA,NA,NA,0.231355,NA,NA,NA,NA,NA,NA,NA,NA,NA,NA,NA,NA,NA,NA
"289",NA,NA,NA,NA,NA,NA,0.5083,NA,NA,NA,NA,NA,NA,NA,NA,NA,NA,NA,NA,NA,NA
"290",NA,NA,NA,NA,NA,NA,0.584233,NA,NA,NA,NA,NA,NA,NA,NA,NA,NA,NA,NA,NA,NA
"291",NA,NA,NA,NA,NA,NA,0.366942,NA,NA,NA,NA,NA,NA,NA,NA,NA,NA,NA,NA,NA,NA
"292",NA,NA,NA,NA,NA,NA,0.571978,NA,NA,NA,NA,NA,NA,NA,NA,NA,NA,NA,NA,NA,NA
"293",NA,NA,NA,NA,NA,NA,0.439592,NA,NA,NA,NA,NA,NA,NA,NA,NA,NA,NA,NA,NA,NA
"294",NA,NA,NA,NA,NA,NA,0.571389,NA,NA,NA,NA,NA,NA,NA,NA,NA,NA,NA,NA,NA,NA
"295",NA,NA,NA,NA,NA,NA,NA,0.422269,NA,NA,NA,NA,NA,NA,NA,NA,NA,NA,NA,NA,NA
"296",NA,NA,NA,NA,NA,NA,NA,0.32098,NA,NA,NA,NA,NA,NA,NA,NA,NA,NA,NA,NA,NA
"297",NA,NA,NA,NA,NA,NA,NA,0.386017,NA,NA,NA,NA,NA,NA,NA,NA,NA,NA,NA,NA,NA
"298",NA,NA,NA,NA,NA,NA,NA,0.6078,NA,NA,NA,NA,NA,NA,NA,NA,NA,NA,NA,NA,NA
"299",NA,NA,NA,NA,NA,NA,NA,0.501591,NA,NA,NA,NA,NA,NA,NA,NA,NA,NA,NA,NA,NA
"300",NA,NA,NA,NA,NA,NA,NA,0.587292,NA,NA,NA,NA,NA,NA,NA,NA,NA,NA,NA,NA,NA
"301",NA,NA,NA,NA,NA,NA,NA,NA,NA,NA,NA,NA,NA,NA,NA,NA,NA,NA,NA,NA,NA
"302",NA,NA,NA,NA,NA,NA,NA,0.39694,NA,NA,NA,NA,NA,NA,NA,NA,NA,NA,NA,NA,NA
"303",NA,NA,NA,NA,NA,NA,NA,0.864622,NA,NA,NA,NA,NA,NA,NA,NA,NA,NA,NA,NA,NA
"304",NA,NA,NA,NA,NA,NA,NA,0.815691,NA,NA,NA,NA,NA,NA,NA,NA,NA,NA,NA,NA,NA
"305",NA,NA,NA,NA,NA,NA,NA,0.185154,NA,NA,NA,NA,NA,NA,NA,NA,NA,NA,NA,NA,NA
"306",NA,NA,NA,NA,NA,NA,NA,0.39409,NA,NA,NA,NA,NA,NA,NA,NA,NA,NA,NA,NA,NA
"307",NA,NA,NA,NA,NA,NA,NA,0.517074,NA,NA,NA,NA,NA,NA,NA,NA,NA,NA,NA,NA,NA
"308",NA,NA,NA,NA,NA,NA,NA,0.229336,NA,NA,NA,NA,NA,NA,NA,NA,NA,NA,NA,NA,NA
"309",NA,NA,NA,NA,NA,NA,NA,0.551121,NA,NA,NA,NA,NA,NA,NA,NA,NA,NA,NA,NA,NA
"310",NA,NA,NA,NA,NA,NA,NA,0.433098,NA,NA,NA,NA,NA,NA,NA,NA,NA,NA,NA,NA,NA
"311",NA,NA,NA,NA,NA,NA,NA,0.733323,NA,NA,NA,NA,NA,NA,NA,NA,NA,NA,NA,NA,NA
"312",NA,NA,NA,NA,NA,NA,NA,0.610865,NA,NA,NA,NA,NA,NA,NA,NA,NA,NA,NA,NA,NA
"313",NA,NA,NA,NA,NA,NA,NA,0.691677,NA,NA,NA,NA,NA,NA,NA,NA,NA,NA,NA,NA,NA
"314",NA,NA,NA,NA,NA,NA,NA,0.511928,NA,NA,NA,NA,NA,NA,NA,NA,NA,NA,NA,NA,NA
"315",NA,NA,NA,NA,NA,NA,NA,0.797746,NA,NA,NA,NA,NA,NA,NA,NA,NA,NA,NA,NA,NA
"316",NA,NA,NA,NA,NA,NA,NA,0.479464,NA,NA,NA,NA,NA,NA,NA,NA,NA,NA,NA,NA,NA
"317",NA,NA,NA,NA,NA,NA,NA,1.239015,NA,NA,NA,NA,NA,NA,NA,NA,NA,NA,NA,NA,NA
"318",NA,NA,NA,NA,NA,NA,NA,0.542773,NA,NA,NA,NA,NA,NA,NA,NA,NA,NA,NA,NA,NA
"319",NA,NA,NA,NA,NA,NA,NA,0.804162,NA,NA,NA,NA,NA,NA,NA,NA,NA,NA,NA,NA,NA
"320",NA,NA,NA,NA,NA,NA,NA,0.655866,NA,NA,NA,NA,NA,NA,NA,NA,NA,NA,NA,NA,NA
"321",NA,NA,NA,NA,NA,NA,NA,0.346916,NA,NA,NA,NA,NA,NA,NA,NA,NA,NA,NA,NA,NA
"322",NA,NA,NA,NA,NA,NA,NA,1.105567,NA,NA,NA,NA,NA,NA,NA,NA,NA,NA,NA,NA,NA
"323",NA,NA,NA,NA,NA,NA,NA,0.646419,NA,NA,NA,NA,NA,NA,NA,NA,NA,NA,NA,NA,NA
"324",NA,NA,NA,NA,NA,NA,NA,0.466788,NA,NA,NA,NA,NA,NA,NA,NA,NA,NA,NA,NA,NA
"325",NA,NA,NA,NA,NA,NA,NA,0.505243,NA,NA,NA,NA,NA,NA,NA,NA,NA,NA,NA,NA,NA
"326",NA,NA,NA,NA,NA,NA,NA,0.319283,NA,NA,NA,NA,NA,NA,NA,NA,NA,NA,NA,NA,NA
"327",NA,NA,NA,NA,NA,NA,NA,0.278924,NA,NA,NA,NA,NA,NA,NA,NA,NA,NA,NA,NA,NA
"328",NA,NA,NA,NA,NA,NA,NA,0.622609,NA,NA,NA,NA,NA,NA,NA,NA,NA,NA,NA,NA,NA
"329",NA,NA,NA,NA,NA,NA,NA,0.338601,NA,NA,NA,NA,NA,NA,NA,NA,NA,NA,NA,NA,NA
"330",NA,NA,NA,NA,NA,NA,NA,0.40843,NA,NA,NA,NA,NA,NA,NA,NA,NA,NA,NA,NA,NA
"331",NA,NA,NA,NA,NA,NA,NA,0.407222,NA,NA,NA,NA,NA,NA,NA,NA,NA,NA,NA,NA,NA
"332",NA,NA,NA,NA,NA,NA,NA,0.574555,NA,NA,NA,NA,NA,NA,NA,NA,NA,NA,NA,NA,NA
"333",NA,NA,NA,NA,NA,NA,NA,NA,0.454766,NA,NA,NA,NA,NA,NA,NA,NA,NA,NA,NA,NA
"334",NA,NA,NA,NA,NA,NA,NA,NA,0.309092,NA,NA,NA,NA,NA,NA,NA,NA,NA,NA,NA,NA
"335",NA,NA,NA,NA,NA,NA,NA,NA,0.406711,NA,NA,NA,NA,NA,NA,NA,NA,NA,NA,NA,NA
"336",NA,NA,NA,NA,NA,NA,NA,NA,0.237612,NA,NA,NA,NA,NA,NA,NA,NA,NA,NA,NA,NA
"337",NA,NA,NA,NA,NA,NA,NA,NA,NA,NA,NA,NA,NA,NA,NA,NA,NA,NA,NA,NA,NA
"338",NA,NA,NA,NA,NA,NA,NA,NA,0.134067,NA,NA,NA,NA,NA,NA,NA,NA,NA,NA,NA,NA
"339",NA,NA,NA,NA,NA,NA,NA,NA,0.476592,NA,NA,NA,NA,NA,NA,NA,NA,NA,NA,NA,NA
"340",NA,NA,NA,NA,NA,NA,NA,NA,0.464764,NA,NA,NA,NA,NA,NA,NA,NA,NA,NA,NA,NA
"341",NA,NA,NA,NA,NA,NA,NA,NA,0.656124,NA,NA,NA,NA,NA,NA,NA,NA,NA,NA,NA,NA
"342",NA,NA,NA,NA,NA,NA,NA,NA,0.401805,NA,NA,NA,NA,NA,NA,NA,NA,NA,NA,NA,NA
"343",NA,NA,NA,NA,NA,NA,NA,NA,0.498574,NA,NA,NA,NA,NA,NA,NA,NA,NA,NA,NA,NA
"344",NA,NA,NA,NA,NA,NA,NA,NA,0.283122,NA,NA,NA,NA,NA,NA,NA,NA,NA,NA,NA,NA
"345",NA,NA,NA,NA,NA,NA,NA,NA,0.458258,NA,NA,NA,NA,NA,NA,NA,NA,NA,NA,NA,NA
"346",NA,NA,NA,NA,NA,NA,NA,NA,0.33188,NA,NA,NA,NA,NA,NA,NA,NA,NA,NA,NA,NA
"347",NA,NA,NA,NA,NA,NA,NA,NA,0.42625,NA,NA,NA,NA,NA,NA,NA,NA,NA,NA,NA,NA
"348",NA,NA,NA,NA,NA,NA,NA,NA,0.406209,NA,NA,NA,NA,NA,NA,NA,NA,NA,NA,NA,NA
"349",NA,NA,NA,NA,NA,NA,NA,NA,0.389665,NA,NA,NA,NA,NA,NA,NA,NA,NA,NA,NA,NA
"350",NA,NA,NA,NA,NA,NA,NA,NA,0.268573,NA,NA,NA,NA,NA,NA,NA,NA,NA,NA,NA,NA
"351",NA,NA,NA,NA,NA,NA,NA,NA,0.49916,NA,NA,NA,NA,NA,NA,NA,NA,NA,NA,NA,NA
"352",NA,NA,NA,NA,NA,NA,NA,NA,0.458817,NA,NA,NA,NA,NA,NA,NA,NA,NA,NA,NA,NA
"353",NA,NA,NA,NA,NA,NA,NA,NA,0.526073,NA,NA,NA,NA,NA,NA,NA,NA,NA,NA,NA,NA
"354",NA,NA,NA,NA,NA,NA,NA,NA,0.604248,NA,NA,NA,NA,NA,NA,NA,NA,NA,NA,NA,NA
"355",NA,NA,NA,NA,NA,NA,NA,NA,0.48595,NA,NA,NA,NA,NA,NA,NA,NA,NA,NA,NA,NA
"356",NA,NA,NA,NA,NA,NA,NA,NA,0.400387,NA,NA,NA,NA,NA,NA,NA,NA,NA,NA,NA,NA
"357",NA,NA,NA,NA,NA,NA,NA,NA,0.379879,NA,NA,NA,NA,NA,NA,NA,NA,NA,NA,NA,NA
"358",NA,NA,NA,NA,NA,NA,NA,NA,0.205003,NA,NA,NA,NA,NA,NA,NA,NA,NA,NA,NA,NA
"359",NA,NA,NA,NA,NA,NA,NA,NA,0.106563,NA,NA,NA,NA,NA,NA,NA,NA,NA,NA,NA,NA
"360",NA,NA,NA,NA,NA,NA,NA,NA,0.63338,NA,NA,NA,NA,NA,NA,NA,NA,NA,NA,NA,NA
"361",NA,NA,NA,NA,NA,NA,NA,NA,0.53256,NA,NA,NA,NA,NA,NA,NA,NA,NA,NA,NA,NA
"362",NA,NA,NA,NA,NA,NA,NA,NA,0.382928,NA,NA,NA,NA,NA,NA,NA,NA,NA,NA,NA,NA
"363",NA,NA,NA,NA,NA,NA,NA,NA,0.577877,NA,NA,NA,NA,NA,NA,NA,NA,NA,NA,NA,NA
"364",NA,NA,NA,NA,NA,NA,NA,NA,0.317534,NA,NA,NA,NA,NA,NA,NA,NA,NA,NA,NA,NA
"365",NA,NA,NA,NA,NA,NA,NA,NA,0.530756,NA,NA,NA,NA,NA,NA,NA,NA,NA,NA,NA,NA
"366",NA,NA,NA,NA,NA,NA,NA,NA,0.369975,NA,NA,NA,NA,NA,NA,NA,NA,NA,NA,NA,NA
"367",NA,NA,NA,NA,NA,NA,NA,NA,0.234463,NA,NA,NA,NA,NA,NA,NA,NA,NA,NA,NA,NA
"368",NA,NA,NA,NA,NA,NA,NA,NA,0.413794,NA,NA,NA,NA,NA,NA,NA,NA,NA,NA,NA,NA
"369",NA,NA,NA,NA,NA,NA,NA,NA,0.425028,NA,NA,NA,NA,NA,NA,NA,NA,NA,NA,NA,NA
"370",NA,NA,NA,NA,NA,NA,NA,NA,0.295558,NA,NA,NA,NA,NA,NA,NA,NA,NA,NA,NA,NA
"371",NA,NA,NA,NA,NA,NA,NA,NA,NA,NA,NA,NA,NA,NA,NA,NA,NA,NA,NA,NA,NA
"372",NA,NA,NA,NA,NA,NA,NA,NA,NA,NA,NA,NA,NA,NA,NA,NA,NA,NA,NA,NA,NA
"373",NA,NA,NA,NA,NA,NA,NA,NA,NA,0.408242,NA,NA,NA,NA,NA,NA,NA,NA,NA,NA,NA
"374",NA,NA,NA,NA,NA,NA,NA,NA,NA,0.490533,NA,NA,NA,NA,NA,NA,NA,NA,NA,NA,NA
"375",NA,NA,NA,NA,NA,NA,NA,NA,NA,0.648253,NA,NA,NA,NA,NA,NA,NA,NA,NA,NA,NA
"376",NA,NA,NA,NA,NA,NA,NA,NA,NA,0.818017,NA,NA,NA,NA,NA,NA,NA,NA,NA,NA,NA
"377",NA,NA,NA,NA,NA,NA,NA,NA,NA,0.758757,NA,NA,NA,NA,NA,NA,NA,NA,NA,NA,NA
"378",NA,NA,NA,NA,NA,NA,NA,NA,NA,0.124634,NA,NA,NA,NA,NA,NA,NA,NA,NA,NA,NA
"379",NA,NA,NA,NA,NA,NA,NA,NA,NA,0.322031,NA,NA,NA,NA,NA,NA,NA,NA,NA,NA,NA
"380",NA,NA,NA,NA,NA,NA,NA,NA,NA,0.41129,NA,NA,NA,NA,NA,NA,NA,NA,NA,NA,NA
"381",NA,NA,NA,NA,NA,NA,NA,NA,NA,0.710703,NA,NA,NA,NA,NA,NA,NA,NA,NA,NA,NA
"382",NA,NA,NA,NA,NA,NA,NA,NA,NA,0.29085,NA,NA,NA,NA,NA,NA,NA,NA,NA,NA,NA
"383",NA,NA,NA,NA,NA,NA,NA,NA,NA,0.377473,NA,NA,NA,NA,NA,NA,NA,NA,NA,NA,NA
"384",NA,NA,NA,NA,NA,NA,NA,NA,NA,0.598676,NA,NA,NA,NA,NA,NA,NA,NA,NA,NA,NA
"385",NA,NA,NA,NA,NA,NA,NA,NA,NA,0.500023,NA,NA,NA,NA,NA,NA,NA,NA,NA,NA,NA
"386",NA,NA,NA,NA,NA,NA,NA,NA,NA,0.396556,NA,NA,NA,NA,NA,NA,NA,NA,NA,NA,NA
"387",NA,NA,NA,NA,NA,NA,NA,NA,NA,0.580974,NA,NA,NA,NA,NA,NA,NA,NA,NA,NA,NA
"388",NA,NA,NA,NA,NA,NA,NA,NA,NA,0.425586,NA,NA,NA,NA,NA,NA,NA,NA,NA,NA,NA
"389",NA,NA,NA,NA,NA,NA,NA,NA,NA,0.225381,NA,NA,NA,NA,NA,NA,NA,NA,NA,NA,NA
"390",NA,NA,NA,NA,NA,NA,NA,NA,NA,0.508326,NA,NA,NA,NA,NA,NA,NA,NA,NA,NA,NA
"391",NA,NA,NA,NA,NA,NA,NA,NA,NA,0.147735,NA,NA,NA,NA,NA,NA,NA,NA,NA,NA,NA
"392",NA,NA,NA,NA,NA,NA,NA,NA,NA,0.357911,NA,NA,NA,NA,NA,NA,NA,NA,NA,NA,NA
"393",NA,NA,NA,NA,NA,NA,NA,NA,NA,0.497304,NA,NA,NA,NA,NA,NA,NA,NA,NA,NA,NA
"394",NA,NA,NA,NA,NA,NA,NA,NA,NA,0.332213,NA,NA,NA,NA,NA,NA,NA,NA,NA,NA,NA
"395",NA,NA,NA,NA,NA,NA,NA,NA,NA,0.398885,NA,NA,NA,NA,NA,NA,NA,NA,NA,NA,NA
"396",NA,NA,NA,NA,NA,NA,NA,NA,NA,0.563763,NA,NA,NA,NA,NA,NA,NA,NA,NA,NA,NA
"397",NA,NA,NA,NA,NA,NA,NA,NA,NA,0.187008,NA,NA,NA,NA,NA,NA,NA,NA,NA,NA,NA
"398",NA,NA,NA,NA,NA,NA,NA,NA,NA,0.434954,NA,NA,NA,NA,NA,NA,NA,NA,NA,NA,NA
"399",NA,NA,NA,NA,NA,NA,NA,NA,NA,0.194758,NA,NA,NA,NA,NA,NA,NA,NA,NA,NA,NA
"400",NA,NA,NA,NA,NA,NA,NA,NA,NA,0.476535,NA,NA,NA,NA,NA,NA,NA,NA,NA,NA,NA
"401",NA,NA,NA,NA,NA,NA,NA,NA,NA,0.469338,NA,NA,NA,NA,NA,NA,NA,NA,NA,NA,NA
"402",NA,NA,NA,NA,NA,NA,NA,NA,NA,0.526279,NA,NA,NA,NA,NA,NA,NA,NA,NA,NA,NA
"403",NA,NA,NA,NA,NA,NA,NA,NA,NA,0.868037,NA,NA,NA,NA,NA,NA,NA,NA,NA,NA,NA
"404",NA,NA,NA,NA,NA,NA,NA,NA,NA,0.409569,NA,NA,NA,NA,NA,NA,NA,NA,NA,NA,NA
"405",NA,NA,NA,NA,NA,NA,NA,NA,NA,0.737146,NA,NA,NA,NA,NA,NA,NA,NA,NA,NA,NA
"406",NA,NA,NA,NA,NA,NA,NA,NA,NA,0.372604,NA,NA,NA,NA,NA,NA,NA,NA,NA,NA,NA
"407",NA,NA,NA,NA,NA,NA,NA,NA,NA,0.472264,NA,NA,NA,NA,NA,NA,NA,NA,NA,NA,NA
"408",NA,NA,NA,NA,NA,NA,NA,NA,NA,0.760464,NA,NA,NA,NA,NA,NA,NA,NA,NA,NA,NA
"409",NA,NA,NA,NA,NA,NA,NA,NA,NA,0.794594,NA,NA,NA,NA,NA,NA,NA,NA,NA,NA,NA
"410",NA,NA,NA,NA,NA,NA,NA,NA,NA,0.519983,NA,NA,NA,NA,NA,NA,NA,NA,NA,NA,NA
"411",NA,NA,NA,NA,NA,NA,NA,NA,NA,0.506753,NA,NA,NA,NA,NA,NA,NA,NA,NA,NA,NA
"412",NA,NA,NA,NA,NA,NA,NA,NA,NA,0.243776,NA,NA,NA,NA,NA,NA,NA,NA,NA,NA,NA
"413",NA,NA,NA,NA,NA,NA,NA,NA,NA,0.281447,NA,NA,NA,NA,NA,NA,NA,NA,NA,NA,NA
"414",NA,NA,NA,NA,NA,NA,NA,NA,NA,0.603888,NA,NA,NA,NA,NA,NA,NA,NA,NA,NA,NA
"415",NA,NA,NA,NA,NA,NA,NA,NA,NA,NA,0.335478,NA,NA,NA,NA,NA,NA,NA,NA,NA,NA
"416",NA,NA,NA,NA,NA,NA,NA,NA,NA,NA,0.502764,NA,NA,NA,NA,NA,NA,NA,NA,NA,NA
"417",NA,NA,NA,NA,NA,NA,NA,NA,NA,NA,0.888834,NA,NA,NA,NA,NA,NA,NA,NA,NA,NA
"418",NA,NA,NA,NA,NA,NA,NA,NA,NA,NA,0.316015,NA,NA,NA,NA,NA,NA,NA,NA,NA,NA
"419",NA,NA,NA,NA,NA,NA,NA,NA,NA,NA,0.40418,NA,NA,NA,NA,NA,NA,NA,NA,NA,NA
"420",NA,NA,NA,NA,NA,NA,NA,NA,NA,NA,0.400591,NA,NA,NA,NA,NA,NA,NA,NA,NA,NA
"421",NA,NA,NA,NA,NA,NA,NA,NA,NA,NA,0.303669,NA,NA,NA,NA,NA,NA,NA,NA,NA,NA
"422",NA,NA,NA,NA,NA,NA,NA,NA,NA,NA,0.361959,NA,NA,NA,NA,NA,NA,NA,NA,NA,NA
"423",NA,NA,NA,NA,NA,NA,NA,NA,NA,NA,0.467251,NA,NA,NA,NA,NA,NA,NA,NA,NA,NA
"424",NA,NA,NA,NA,NA,NA,NA,NA,NA,NA,0.375865,NA,NA,NA,NA,NA,NA,NA,NA,NA,NA
"425",NA,NA,NA,NA,NA,NA,NA,NA,NA,NA,0.703599,NA,NA,NA,NA,NA,NA,NA,NA,NA,NA
"426",NA,NA,NA,NA,NA,NA,NA,NA,NA,NA,0.404212,NA,NA,NA,NA,NA,NA,NA,NA,NA,NA
"427",NA,NA,NA,NA,NA,NA,NA,NA,NA,NA,0.457218,NA,NA,NA,NA,NA,NA,NA,NA,NA,NA
"428",NA,NA,NA,NA,NA,NA,NA,NA,NA,NA,0.202097,NA,NA,NA,NA,NA,NA,NA,NA,NA,NA
"429",NA,NA,NA,NA,NA,NA,NA,NA,NA,NA,0.463812,NA,NA,NA,NA,NA,NA,NA,NA,NA,NA
"430",NA,NA,NA,NA,NA,NA,NA,NA,NA,NA,0.660377,NA,NA,NA,NA,NA,NA,NA,NA,NA,NA
"431",NA,NA,NA,NA,NA,NA,NA,NA,NA,NA,0.471977,NA,NA,NA,NA,NA,NA,NA,NA,NA,NA
"432",NA,NA,NA,NA,NA,NA,NA,NA,NA,NA,0.54931,NA,NA,NA,NA,NA,NA,NA,NA,NA,NA
"433",NA,NA,NA,NA,NA,NA,NA,NA,NA,NA,0.573001,NA,NA,NA,NA,NA,NA,NA,NA,NA,NA
"434",NA,NA,NA,NA,NA,NA,NA,NA,NA,NA,0.530064,NA,NA,NA,NA,NA,NA,NA,NA,NA,NA
"435",NA,NA,NA,NA,NA,NA,NA,NA,NA,NA,0.505825,NA,NA,NA,NA,NA,NA,NA,NA,NA,NA
"436",NA,NA,NA,NA,NA,NA,NA,NA,NA,NA,0.494785,NA,NA,NA,NA,NA,NA,NA,NA,NA,NA
"437",NA,NA,NA,NA,NA,NA,NA,NA,NA,NA,0.405862,NA,NA,NA,NA,NA,NA,NA,NA,NA,NA
"438",NA,NA,NA,NA,NA,NA,NA,NA,NA,NA,0.430319,NA,NA,NA,NA,NA,NA,NA,NA,NA,NA
"439",NA,NA,NA,NA,NA,NA,NA,NA,NA,NA,0.304153,NA,NA,NA,NA,NA,NA,NA,NA,NA,NA
"440",NA,NA,NA,NA,NA,NA,NA,NA,NA,NA,0.408095,NA,NA,NA,NA,NA,NA,NA,NA,NA,NA
"441",NA,NA,NA,NA,NA,NA,NA,NA,NA,NA,-0.21423,NA,NA,NA,NA,NA,NA,NA,NA,NA,NA
"442",NA,NA,NA,NA,NA,NA,NA,NA,NA,NA,-0.01522,NA,NA,NA,NA,NA,NA,NA,NA,NA,NA
"443",NA,NA,NA,NA,NA,NA,NA,NA,NA,NA,0.497756,NA,NA,NA,NA,NA,NA,NA,NA,NA,NA
"444",NA,NA,NA,NA,NA,NA,NA,NA,NA,NA,0.232364,NA,NA,NA,NA,NA,NA,NA,NA,NA,NA
"445",NA,NA,NA,NA,NA,NA,NA,NA,NA,NA,0.258893,NA,NA,NA,NA,NA,NA,NA,NA,NA,NA
"446",NA,NA,NA,NA,NA,NA,NA,NA,NA,NA,0.159276,NA,NA,NA,NA,NA,NA,NA,NA,NA,NA
"447",NA,NA,NA,NA,NA,NA,NA,NA,NA,NA,0.536543,NA,NA,NA,NA,NA,NA,NA,NA,NA,NA
"448",NA,NA,NA,NA,NA,NA,NA,NA,NA,NA,0.804564,NA,NA,NA,NA,NA,NA,NA,NA,NA,NA
"449",NA,NA,NA,NA,NA,NA,NA,NA,NA,NA,0.349763,NA,NA,NA,NA,NA,NA,NA,NA,NA,NA
"450",NA,NA,NA,NA,NA,NA,NA,NA,NA,NA,0.572947,NA,NA,NA,NA,NA,NA,NA,NA,NA,NA
"451",NA,NA,NA,NA,NA,NA,NA,NA,NA,NA,0.567452,NA,NA,NA,NA,NA,NA,NA,NA,NA,NA
"452",NA,NA,NA,NA,NA,NA,NA,NA,NA,NA,0.129801,NA,NA,NA,NA,NA,NA,NA,NA,NA,NA
"453",NA,NA,NA,NA,NA,NA,NA,NA,NA,NA,0.335056,NA,NA,NA,NA,NA,NA,NA,NA,NA,NA
"454",NA,NA,NA,NA,NA,NA,NA,NA,NA,NA,0.465758,NA,NA,NA,NA,NA,NA,NA,NA,NA,NA
"455",NA,NA,NA,NA,NA,NA,NA,NA,NA,NA,0.439767,NA,NA,NA,NA,NA,NA,NA,NA,NA,NA
"456",NA,NA,NA,NA,NA,NA,NA,NA,NA,NA,0.45311,NA,NA,NA,NA,NA,NA,NA,NA,NA,NA
"457",NA,NA,NA,NA,NA,NA,NA,NA,NA,NA,0.600428,NA,NA,NA,NA,NA,NA,NA,NA,NA,NA
"458",NA,NA,NA,NA,NA,NA,NA,NA,NA,NA,NA,0.422665,NA,NA,NA,NA,NA,NA,NA,NA,NA
"459",NA,NA,NA,NA,NA,NA,NA,NA,NA,NA,NA,0.799459,NA,NA,NA,NA,NA,NA,NA,NA,NA
"460",NA,NA,NA,NA,NA,NA,NA,NA,NA,NA,NA,0.875093,NA,NA,NA,NA,NA,NA,NA,NA,NA
"461",NA,NA,NA,NA,NA,NA,NA,NA,NA,NA,NA,1.013189,NA,NA,NA,NA,NA,NA,NA,NA,NA
"462",NA,NA,NA,NA,NA,NA,NA,NA,NA,NA,NA,0.904717,NA,NA,NA,NA,NA,NA,NA,NA,NA
"463",NA,NA,NA,NA,NA,NA,NA,NA,NA,NA,NA,0.960741,NA,NA,NA,NA,NA,NA,NA,NA,NA
"464",NA,NA,NA,NA,NA,NA,NA,NA,NA,NA,NA,0.655914,NA,NA,NA,NA,NA,NA,NA,NA,NA
"465",NA,NA,NA,NA,NA,NA,NA,NA,NA,NA,NA,0.408419,NA,NA,NA,NA,NA,NA,NA,NA,NA
"466",NA,NA,NA,NA,NA,NA,NA,NA,NA,NA,NA,0.413903,NA,NA,NA,NA,NA,NA,NA,NA,NA
"467",NA,NA,NA,NA,NA,NA,NA,NA,NA,NA,NA,0.425738,NA,NA,NA,NA,NA,NA,NA,NA,NA
"468",NA,NA,NA,NA,NA,NA,NA,NA,NA,NA,NA,0.578652,NA,NA,NA,NA,NA,NA,NA,NA,NA
"469",NA,NA,NA,NA,NA,NA,NA,NA,NA,NA,NA,0.358846,NA,NA,NA,NA,NA,NA,NA,NA,NA
"470",NA,NA,NA,NA,NA,NA,NA,NA,NA,NA,NA,0.050395,NA,NA,NA,NA,NA,NA,NA,NA,NA
"471",NA,NA,NA,NA,NA,NA,NA,NA,NA,NA,NA,0.390456,NA,NA,NA,NA,NA,NA,NA,NA,NA
"472",NA,NA,NA,NA,NA,NA,NA,NA,NA,NA,NA,0.273973,NA,NA,NA,NA,NA,NA,NA,NA,NA
"473",NA,NA,NA,NA,NA,NA,NA,NA,NA,NA,NA,0.373565,NA,NA,NA,NA,NA,NA,NA,NA,NA
"474",NA,NA,NA,NA,NA,NA,NA,NA,NA,NA,NA,0.391897,NA,NA,NA,NA,NA,NA,NA,NA,NA
"475",NA,NA,NA,NA,NA,NA,NA,NA,NA,NA,NA,0.448316,NA,NA,NA,NA,NA,NA,NA,NA,NA
"476",NA,NA,NA,NA,NA,NA,NA,NA,NA,NA,NA,0.656916,NA,NA,NA,NA,NA,NA,NA,NA,NA
"477",NA,NA,NA,NA,NA,NA,NA,NA,NA,NA,NA,0.254529,NA,NA,NA,NA,NA,NA,NA,NA,NA
"478",NA,NA,NA,NA,NA,NA,NA,NA,NA,NA,NA,0.310444,NA,NA,NA,NA,NA,NA,NA,NA,NA
"479",NA,NA,NA,NA,NA,NA,NA,NA,NA,NA,NA,0.402298,NA,NA,NA,NA,NA,NA,NA,NA,NA
"480",NA,NA,NA,NA,NA,NA,NA,NA,NA,NA,NA,0.477804,NA,NA,NA,NA,NA,NA,NA,NA,NA
"481",NA,NA,NA,NA,NA,NA,NA,NA,NA,NA,NA,0.438533,NA,NA,NA,NA,NA,NA,NA,NA,NA
"482",NA,NA,NA,NA,NA,NA,NA,NA,NA,NA,NA,0.57607,NA,NA,NA,NA,NA,NA,NA,NA,NA
"483",NA,NA,NA,NA,NA,NA,NA,NA,NA,NA,NA,0.033746,NA,NA,NA,NA,NA,NA,NA,NA,NA
"484",NA,NA,NA,NA,NA,NA,NA,NA,NA,NA,NA,0.459914,NA,NA,NA,NA,NA,NA,NA,NA,NA
"485",NA,NA,NA,NA,NA,NA,NA,NA,NA,NA,NA,0.666419,NA,NA,NA,NA,NA,NA,NA,NA,NA
"486",NA,NA,NA,NA,NA,NA,NA,NA,NA,NA,NA,0.44729,NA,NA,NA,NA,NA,NA,NA,NA,NA
"487",NA,NA,NA,NA,NA,NA,NA,NA,NA,NA,NA,0.479581,NA,NA,NA,NA,NA,NA,NA,NA,NA
"488",NA,NA,NA,NA,NA,NA,NA,NA,NA,NA,NA,0.504635,NA,NA,NA,NA,NA,NA,NA,NA,NA
"489",NA,NA,NA,NA,NA,NA,NA,NA,NA,NA,NA,0.341115,NA,NA,NA,NA,NA,NA,NA,NA,NA
"490",NA,NA,NA,NA,NA,NA,NA,NA,NA,NA,NA,0.840063,NA,NA,NA,NA,NA,NA,NA,NA,NA
"491",NA,NA,NA,NA,NA,NA,NA,NA,NA,NA,NA,0.868148,NA,NA,NA,NA,NA,NA,NA,NA,NA
"492",NA,NA,NA,NA,NA,NA,NA,NA,NA,NA,NA,0.259689,NA,NA,NA,NA,NA,NA,NA,NA,NA
"493",NA,NA,NA,NA,NA,NA,NA,NA,NA,NA,NA,0.543618,NA,NA,NA,NA,NA,NA,NA,NA,NA
"494",NA,NA,NA,NA,NA,NA,NA,NA,NA,NA,NA,0.439354,NA,NA,NA,NA,NA,NA,NA,NA,NA
"495",NA,NA,NA,NA,NA,NA,NA,NA,NA,NA,NA,0.486547,NA,NA,NA,NA,NA,NA,NA,NA,NA
"496",NA,NA,NA,NA,NA,NA,NA,NA,NA,NA,NA,0.643876,NA,NA,NA,NA,NA,NA,NA,NA,NA
"497",NA,NA,NA,NA,NA,NA,NA,NA,NA,NA,NA,0.423303,NA,NA,NA,NA,NA,NA,NA,NA,NA
"498",NA,NA,NA,NA,NA,NA,NA,NA,NA,NA,NA,0.251022,NA,NA,NA,NA,NA,NA,NA,NA,NA
"499",NA,NA,NA,NA,NA,NA,NA,NA,NA,NA,NA,0.387029,NA,NA,NA,NA,NA,NA,NA,NA,NA
"500",NA,NA,NA,NA,NA,NA,NA,NA,NA,NA,NA,NA,0.364203,NA,NA,NA,NA,NA,NA,NA,NA
"501",NA,NA,NA,NA,NA,NA,NA,NA,NA,NA,NA,NA,0.424559,NA,NA,NA,NA,NA,NA,NA,NA
"502",NA,NA,NA,NA,NA,NA,NA,NA,NA,NA,NA,NA,0.42474,NA,NA,NA,NA,NA,NA,NA,NA
"503",NA,NA,NA,NA,NA,NA,NA,NA,NA,NA,NA,NA,0.57177,NA,NA,NA,NA,NA,NA,NA,NA
"504",NA,NA,NA,NA,NA,NA,NA,NA,NA,NA,NA,NA,0.345111,NA,NA,NA,NA,NA,NA,NA,NA
"505",NA,NA,NA,NA,NA,NA,NA,NA,NA,NA,NA,NA,0.114719,NA,NA,NA,NA,NA,NA,NA,NA
"506",NA,NA,NA,NA,NA,NA,NA,NA,NA,NA,NA,NA,0.491965,NA,NA,NA,NA,NA,NA,NA,NA
"507",NA,NA,NA,NA,NA,NA,NA,NA,NA,NA,NA,NA,0.377348,NA,NA,NA,NA,NA,NA,NA,NA
"508",NA,NA,NA,NA,NA,NA,NA,NA,NA,NA,NA,NA,0.148182,NA,NA,NA,NA,NA,NA,NA,NA
"509",NA,NA,NA,NA,NA,NA,NA,NA,NA,NA,NA,NA,0.308937,NA,NA,NA,NA,NA,NA,NA,NA
"510",NA,NA,NA,NA,NA,NA,NA,NA,NA,NA,NA,NA,0.16442,NA,NA,NA,NA,NA,NA,NA,NA
"511",NA,NA,NA,NA,NA,NA,NA,NA,NA,NA,NA,NA,0.1659,NA,NA,NA,NA,NA,NA,NA,NA
"512",NA,NA,NA,NA,NA,NA,NA,NA,NA,NA,NA,NA,0.413852,NA,NA,NA,NA,NA,NA,NA,NA
"513",NA,NA,NA,NA,NA,NA,NA,NA,NA,NA,NA,NA,0.465452,NA,NA,NA,NA,NA,NA,NA,NA
"514",NA,NA,NA,NA,NA,NA,NA,NA,NA,NA,NA,NA,0.703074,NA,NA,NA,NA,NA,NA,NA,NA
"515",NA,NA,NA,NA,NA,NA,NA,NA,NA,NA,NA,NA,1.025201,NA,NA,NA,NA,NA,NA,NA,NA
"516",NA,NA,NA,NA,NA,NA,NA,NA,NA,NA,NA,NA,0.45424,NA,NA,NA,NA,NA,NA,NA,NA
"517",NA,NA,NA,NA,NA,NA,NA,NA,NA,NA,NA,NA,0.513435,NA,NA,NA,NA,NA,NA,NA,NA
"518",NA,NA,NA,NA,NA,NA,NA,NA,NA,NA,NA,NA,0.430814,NA,NA,NA,NA,NA,NA,NA,NA
"519",NA,NA,NA,NA,NA,NA,NA,NA,NA,NA,NA,NA,0.519138,NA,NA,NA,NA,NA,NA,NA,NA
"520",NA,NA,NA,NA,NA,NA,NA,NA,NA,NA,NA,NA,0.608972,NA,NA,NA,NA,NA,NA,NA,NA
"521",NA,NA,NA,NA,NA,NA,NA,NA,NA,NA,NA,NA,0.566287,NA,NA,NA,NA,NA,NA,NA,NA
"522",NA,NA,NA,NA,NA,NA,NA,NA,NA,NA,NA,NA,0.312496,NA,NA,NA,NA,NA,NA,NA,NA
"523",NA,NA,NA,NA,NA,NA,NA,NA,NA,NA,NA,NA,0.490731,NA,NA,NA,NA,NA,NA,NA,NA
"524",NA,NA,NA,NA,NA,NA,NA,NA,NA,NA,NA,NA,0.377073,NA,NA,NA,NA,NA,NA,NA,NA
"525",NA,NA,NA,NA,NA,NA,NA,NA,NA,NA,NA,NA,0.457268,NA,NA,NA,NA,NA,NA,NA,NA
"526",NA,NA,NA,NA,NA,NA,NA,NA,NA,NA,NA,NA,0.84032,NA,NA,NA,NA,NA,NA,NA,NA
"527",NA,NA,NA,NA,NA,NA,NA,NA,NA,NA,NA,NA,0.572375,NA,NA,NA,NA,NA,NA,NA,NA
"528",NA,NA,NA,NA,NA,NA,NA,NA,NA,NA,NA,NA,0.951847,NA,NA,NA,NA,NA,NA,NA,NA
"529",NA,NA,NA,NA,NA,NA,NA,NA,NA,NA,NA,NA,0.61489,NA,NA,NA,NA,NA,NA,NA,NA
"530",NA,NA,NA,NA,NA,NA,NA,NA,NA,NA,NA,NA,0.711864,NA,NA,NA,NA,NA,NA,NA,NA
"531",NA,NA,NA,NA,NA,NA,NA,NA,NA,NA,NA,NA,0.991971,NA,NA,NA,NA,NA,NA,NA,NA
"532",NA,NA,NA,NA,NA,NA,NA,NA,NA,NA,NA,NA,0.748031,NA,NA,NA,NA,NA,NA,NA,NA
"533",NA,NA,NA,NA,NA,NA,NA,NA,NA,NA,NA,NA,0.455383,NA,NA,NA,NA,NA,NA,NA,NA
"534",NA,NA,NA,NA,NA,NA,NA,NA,NA,NA,NA,NA,0.709075,NA,NA,NA,NA,NA,NA,NA,NA
"535",NA,NA,NA,NA,NA,NA,NA,NA,NA,NA,NA,NA,0.453569,NA,NA,NA,NA,NA,NA,NA,NA
"536",NA,NA,NA,NA,NA,NA,NA,NA,NA,NA,NA,NA,0.337678,NA,NA,NA,NA,NA,NA,NA,NA
"537",NA,NA,NA,NA,NA,NA,NA,NA,NA,NA,NA,NA,0.308702,NA,NA,NA,NA,NA,NA,NA,NA
"538",NA,NA,NA,NA,NA,NA,NA,NA,NA,NA,NA,NA,NA,0.828964,NA,NA,NA,NA,NA,NA,NA
"539",NA,NA,NA,NA,NA,NA,NA,NA,NA,NA,NA,NA,NA,0.429868,NA,NA,NA,NA,NA,NA,NA
"540",NA,NA,NA,NA,NA,NA,NA,NA,NA,NA,NA,NA,NA,0.897145,NA,NA,NA,NA,NA,NA,NA
"541",NA,NA,NA,NA,NA,NA,NA,NA,NA,NA,NA,NA,NA,0.285364,NA,NA,NA,NA,NA,NA,NA
"542",NA,NA,NA,NA,NA,NA,NA,NA,NA,NA,NA,NA,NA,1.091387,NA,NA,NA,NA,NA,NA,NA
"543",NA,NA,NA,NA,NA,NA,NA,NA,NA,NA,NA,NA,NA,0.446685,NA,NA,NA,NA,NA,NA,NA
"544",NA,NA,NA,NA,NA,NA,NA,NA,NA,NA,NA,NA,NA,0.639533,NA,NA,NA,NA,NA,NA,NA
"545",NA,NA,NA,NA,NA,NA,NA,NA,NA,NA,NA,NA,NA,0.802375,NA,NA,NA,NA,NA,NA,NA
"546",NA,NA,NA,NA,NA,NA,NA,NA,NA,NA,NA,NA,NA,0.397777,NA,NA,NA,NA,NA,NA,NA
"547",NA,NA,NA,NA,NA,NA,NA,NA,NA,NA,NA,NA,NA,0.274254,NA,NA,NA,NA,NA,NA,NA
"548",NA,NA,NA,NA,NA,NA,NA,NA,NA,NA,NA,NA,NA,0.359348,NA,NA,NA,NA,NA,NA,NA
"549",NA,NA,NA,NA,NA,NA,NA,NA,NA,NA,NA,NA,NA,0.676779,NA,NA,NA,NA,NA,NA,NA
"550",NA,NA,NA,NA,NA,NA,NA,NA,NA,NA,NA,NA,NA,0.73041,NA,NA,NA,NA,NA,NA,NA
"551",NA,NA,NA,NA,NA,NA,NA,NA,NA,NA,NA,NA,NA,0.311579,NA,NA,NA,NA,NA,NA,NA
"552",NA,NA,NA,NA,NA,NA,NA,NA,NA,NA,NA,NA,NA,0.349708,NA,NA,NA,NA,NA,NA,NA
"553",NA,NA,NA,NA,NA,NA,NA,NA,NA,NA,NA,NA,NA,0.117803,NA,NA,NA,NA,NA,NA,NA
"554",NA,NA,NA,NA,NA,NA,NA,NA,NA,NA,NA,NA,NA,0.339815,NA,NA,NA,NA,NA,NA,NA
"555",NA,NA,NA,NA,NA,NA,NA,NA,NA,NA,NA,NA,NA,0.443525,NA,NA,NA,NA,NA,NA,NA
"556",NA,NA,NA,NA,NA,NA,NA,NA,NA,NA,NA,NA,NA,0.454447,NA,NA,NA,NA,NA,NA,NA
"557",NA,NA,NA,NA,NA,NA,NA,NA,NA,NA,NA,NA,NA,0.190078,NA,NA,NA,NA,NA,NA,NA
"558",NA,NA,NA,NA,NA,NA,NA,NA,NA,NA,NA,NA,NA,0.460738,NA,NA,NA,NA,NA,NA,NA
"559",NA,NA,NA,NA,NA,NA,NA,NA,NA,NA,NA,NA,NA,0.823817,NA,NA,NA,NA,NA,NA,NA
"560",NA,NA,NA,NA,NA,NA,NA,NA,NA,NA,NA,NA,NA,0.220091,NA,NA,NA,NA,NA,NA,NA
"561",NA,NA,NA,NA,NA,NA,NA,NA,NA,NA,NA,NA,NA,0.424971,NA,NA,NA,NA,NA,NA,NA
"562",NA,NA,NA,NA,NA,NA,NA,NA,NA,NA,NA,NA,NA,0.297485,NA,NA,NA,NA,NA,NA,NA
"563",NA,NA,NA,NA,NA,NA,NA,NA,NA,NA,NA,NA,NA,0.330399,NA,NA,NA,NA,NA,NA,NA
"564",NA,NA,NA,NA,NA,NA,NA,NA,NA,NA,NA,NA,NA,0.488447,NA,NA,NA,NA,NA,NA,NA
"565",NA,NA,NA,NA,NA,NA,NA,NA,NA,NA,NA,NA,NA,0.190078,NA,NA,NA,NA,NA,NA,NA
"566",NA,NA,NA,NA,NA,NA,NA,NA,NA,NA,NA,NA,NA,0.464642,NA,NA,NA,NA,NA,NA,NA
"567",NA,NA,NA,NA,NA,NA,NA,NA,NA,NA,NA,NA,NA,0.861905,NA,NA,NA,NA,NA,NA,NA
"568",NA,NA,NA,NA,NA,NA,NA,NA,NA,NA,NA,NA,NA,0.398656,NA,NA,NA,NA,NA,NA,NA
"569",NA,NA,NA,NA,NA,NA,NA,NA,NA,NA,NA,NA,NA,0.150512,NA,NA,NA,NA,NA,NA,NA
"570",NA,NA,NA,NA,NA,NA,NA,NA,NA,NA,NA,NA,NA,0.536305,NA,NA,NA,NA,NA,NA,NA
"571",NA,NA,NA,NA,NA,NA,NA,NA,NA,NA,NA,NA,NA,0.442651,NA,NA,NA,NA,NA,NA,NA
"572",NA,NA,NA,NA,NA,NA,NA,NA,NA,NA,NA,NA,NA,0.226784,NA,NA,NA,NA,NA,NA,NA
"573",NA,NA,NA,NA,NA,NA,NA,NA,NA,NA,NA,NA,NA,0.432704,NA,NA,NA,NA,NA,NA,NA
"574",NA,NA,NA,NA,NA,NA,NA,NA,NA,NA,NA,NA,NA,0.284384,NA,NA,NA,NA,NA,NA,NA
"575",NA,NA,NA,NA,NA,NA,NA,NA,NA,NA,NA,NA,NA,0.348116,NA,NA,NA,NA,NA,NA,NA
"576",NA,NA,NA,NA,NA,NA,NA,NA,NA,NA,NA,NA,NA,NA,0.469194,NA,NA,NA,NA,NA,NA
"577",NA,NA,NA,NA,NA,NA,NA,NA,NA,NA,NA,NA,NA,NA,0.703327,NA,NA,NA,NA,NA,NA
"578",NA,NA,NA,NA,NA,NA,NA,NA,NA,NA,NA,NA,NA,NA,0.501331,NA,NA,NA,NA,NA,NA
"579",NA,NA,NA,NA,NA,NA,NA,NA,NA,NA,NA,NA,NA,NA,0.500558,NA,NA,NA,NA,NA,NA
"580",NA,NA,NA,NA,NA,NA,NA,NA,NA,NA,NA,NA,NA,NA,0.356684,NA,NA,NA,NA,NA,NA
"581",NA,NA,NA,NA,NA,NA,NA,NA,NA,NA,NA,NA,NA,NA,0.441851,NA,NA,NA,NA,NA,NA
"582",NA,NA,NA,NA,NA,NA,NA,NA,NA,NA,NA,NA,NA,NA,NA,NA,NA,NA,NA,NA,NA
"583",NA,NA,NA,NA,NA,NA,NA,NA,NA,NA,NA,NA,NA,NA,0.595767,NA,NA,NA,NA,NA,NA
"584",NA,NA,NA,NA,NA,NA,NA,NA,NA,NA,NA,NA,NA,NA,0.308209,NA,NA,NA,NA,NA,NA
"585",NA,NA,NA,NA,NA,NA,NA,NA,NA,NA,NA,NA,NA,NA,0.600069,NA,NA,NA,NA,NA,NA
"586",NA,NA,NA,NA,NA,NA,NA,NA,NA,NA,NA,NA,NA,NA,0.953903,NA,NA,NA,NA,NA,NA
"587",NA,NA,NA,NA,NA,NA,NA,NA,NA,NA,NA,NA,NA,NA,0.364972,NA,NA,NA,NA,NA,NA
"588",NA,NA,NA,NA,NA,NA,NA,NA,NA,NA,NA,NA,NA,NA,1.102733,NA,NA,NA,NA,NA,NA
"589",NA,NA,NA,NA,NA,NA,NA,NA,NA,NA,NA,NA,NA,NA,0.548081,NA,NA,NA,NA,NA,NA
"590",NA,NA,NA,NA,NA,NA,NA,NA,NA,NA,NA,NA,NA,NA,0.480614,NA,NA,NA,NA,NA,NA
"591",NA,NA,NA,NA,NA,NA,NA,NA,NA,NA,NA,NA,NA,NA,0.854904,NA,NA,NA,NA,NA,NA
"592",NA,NA,NA,NA,NA,NA,NA,NA,NA,NA,NA,NA,NA,NA,0.511753,NA,NA,NA,NA,NA,NA
"593",NA,NA,NA,NA,NA,NA,NA,NA,NA,NA,NA,NA,NA,NA,0.390651,NA,NA,NA,NA,NA,NA
"594",NA,NA,NA,NA,NA,NA,NA,NA,NA,NA,NA,NA,NA,NA,0.453811,NA,NA,NA,NA,NA,NA
"595",NA,NA,NA,NA,NA,NA,NA,NA,NA,NA,NA,NA,NA,NA,0.379777,NA,NA,NA,NA,NA,NA
"596",NA,NA,NA,NA,NA,NA,NA,NA,NA,NA,NA,NA,NA,NA,0.499883,NA,NA,NA,NA,NA,NA
"597",NA,NA,NA,NA,NA,NA,NA,NA,NA,NA,NA,NA,NA,NA,0.682206,NA,NA,NA,NA,NA,NA
"598",NA,NA,NA,NA,NA,NA,NA,NA,NA,NA,NA,NA,NA,NA,0.112829,NA,NA,NA,NA,NA,NA
"599",NA,NA,NA,NA,NA,NA,NA,NA,NA,NA,NA,NA,NA,NA,0.262347,NA,NA,NA,NA,NA,NA
"600",NA,NA,NA,NA,NA,NA,NA,NA,NA,NA,NA,NA,NA,NA,0.390486,NA,NA,NA,NA,NA,NA
"601",NA,NA,NA,NA,NA,NA,NA,NA,NA,NA,NA,NA,NA,NA,0.304968,NA,NA,NA,NA,NA,NA
"602",NA,NA,NA,NA,NA,NA,NA,NA,NA,NA,NA,NA,NA,NA,0.592727,NA,NA,NA,NA,NA,NA
"603",NA,NA,NA,NA,NA,NA,NA,NA,NA,NA,NA,NA,NA,NA,0.722044,NA,NA,NA,NA,NA,NA
"604",NA,NA,NA,NA,NA,NA,NA,NA,NA,NA,NA,NA,NA,NA,0.425107,NA,NA,NA,NA,NA,NA
"605",NA,NA,NA,NA,NA,NA,NA,NA,NA,NA,NA,NA,NA,NA,0.736137,NA,NA,NA,NA,NA,NA
"606",NA,NA,NA,NA,NA,NA,NA,NA,NA,NA,NA,NA,NA,NA,0.826917,NA,NA,NA,NA,NA,NA
"607",NA,NA,NA,NA,NA,NA,NA,NA,NA,NA,NA,NA,NA,NA,0.478278,NA,NA,NA,NA,NA,NA
"608",NA,NA,NA,NA,NA,NA,NA,NA,NA,NA,NA,NA,NA,NA,0.812063,NA,NA,NA,NA,NA,NA
"609",NA,NA,NA,NA,NA,NA,NA,NA,NA,NA,NA,NA,NA,NA,0.714657,NA,NA,NA,NA,NA,NA
"610",NA,NA,NA,NA,NA,NA,NA,NA,NA,NA,NA,NA,NA,NA,0.421738,NA,NA,NA,NA,NA,NA
"611",NA,NA,NA,NA,NA,NA,NA,NA,NA,NA,NA,NA,NA,NA,0.513485,NA,NA,NA,NA,NA,NA
"612",NA,NA,NA,NA,NA,NA,NA,NA,NA,NA,NA,NA,NA,NA,0.303797,NA,NA,NA,NA,NA,NA
"613",NA,NA,NA,NA,NA,NA,NA,NA,NA,NA,NA,NA,NA,NA,0.284234,NA,NA,NA,NA,NA,NA
"614",NA,NA,NA,NA,NA,NA,NA,NA,NA,NA,NA,NA,NA,NA,0.050478,NA,NA,NA,NA,NA,NA
"615",NA,NA,NA,NA,NA,NA,NA,NA,NA,NA,NA,NA,NA,NA,0.710359,NA,NA,NA,NA,NA,NA
"616",NA,NA,NA,NA,NA,NA,NA,NA,NA,NA,NA,NA,NA,NA,0.706058,NA,NA,NA,NA,NA,NA
"617",NA,NA,NA,NA,NA,NA,NA,NA,NA,NA,NA,NA,NA,NA,0.441606,NA,NA,NA,NA,NA,NA
"618",NA,NA,NA,NA,NA,NA,NA,NA,NA,NA,NA,NA,NA,NA,0.443589,NA,NA,NA,NA,NA,NA
"619",NA,NA,NA,NA,NA,NA,NA,NA,NA,NA,NA,NA,NA,NA,NA,NA,NA,NA,NA,NA,NA
"620",NA,NA,NA,NA,NA,NA,NA,NA,NA,NA,NA,NA,NA,NA,NA,NA,NA,NA,NA,NA,NA
"621",NA,NA,NA,NA,NA,NA,NA,NA,NA,NA,NA,NA,NA,NA,NA,NA,NA,NA,NA,NA,NA
"622",NA,NA,NA,NA,NA,NA,NA,NA,NA,NA,NA,NA,NA,NA,NA,NA,NA,NA,NA,NA,NA
"623",NA,NA,NA,NA,NA,NA,NA,NA,NA,NA,NA,NA,NA,NA,NA,0.265799,NA,NA,NA,NA,NA
"624",NA,NA,NA,NA,NA,NA,NA,NA,NA,NA,NA,NA,NA,NA,NA,0.66792,NA,NA,NA,NA,NA
"625",NA,NA,NA,NA,NA,NA,NA,NA,NA,NA,NA,NA,NA,NA,NA,0.272016,NA,NA,NA,NA,NA
"626",NA,NA,NA,NA,NA,NA,NA,NA,NA,NA,NA,NA,NA,NA,NA,0.374333,NA,NA,NA,NA,NA
"627",NA,NA,NA,NA,NA,NA,NA,NA,NA,NA,NA,NA,NA,NA,NA,0.271392,NA,NA,NA,NA,NA
"628",NA,NA,NA,NA,NA,NA,NA,NA,NA,NA,NA,NA,NA,NA,NA,0.22926,NA,NA,NA,NA,NA
"629",NA,NA,NA,NA,NA,NA,NA,NA,NA,NA,NA,NA,NA,NA,NA,0.396972,NA,NA,NA,NA,NA
"630",NA,NA,NA,NA,NA,NA,NA,NA,NA,NA,NA,NA,NA,NA,NA,0.472163,NA,NA,NA,NA,NA
"631",NA,NA,NA,NA,NA,NA,NA,NA,NA,NA,NA,NA,NA,NA,NA,0.335393,NA,NA,NA,NA,NA
"632",NA,NA,NA,NA,NA,NA,NA,NA,NA,NA,NA,NA,NA,NA,NA,0.158715,NA,NA,NA,NA,NA
"633",NA,NA,NA,NA,NA,NA,NA,NA,NA,NA,NA,NA,NA,NA,NA,0.190589,NA,NA,NA,NA,NA
"634",NA,NA,NA,NA,NA,NA,NA,NA,NA,NA,NA,NA,NA,NA,NA,0.389067,NA,NA,NA,NA,NA
"635",NA,NA,NA,NA,NA,NA,NA,NA,NA,NA,NA,NA,NA,NA,NA,0.515124,NA,NA,NA,NA,NA
"636",NA,NA,NA,NA,NA,NA,NA,NA,NA,NA,NA,NA,NA,NA,NA,1.06387,NA,NA,NA,NA,NA
"637",NA,NA,NA,NA,NA,NA,NA,NA,NA,NA,NA,NA,NA,NA,NA,0.285214,NA,NA,NA,NA,NA
"638",NA,NA,NA,NA,NA,NA,NA,NA,NA,NA,NA,NA,NA,NA,NA,0.607684,NA,NA,NA,NA,NA
"639",NA,NA,NA,NA,NA,NA,NA,NA,NA,NA,NA,NA,NA,NA,NA,0.403507,NA,NA,NA,NA,NA
"640",NA,NA,NA,NA,NA,NA,NA,NA,NA,NA,NA,NA,NA,NA,NA,1.271895,NA,NA,NA,NA,NA
"641",NA,NA,NA,NA,NA,NA,NA,NA,NA,NA,NA,NA,NA,NA,NA,1.029419,NA,NA,NA,NA,NA
"642",NA,NA,NA,NA,NA,NA,NA,NA,NA,NA,NA,NA,NA,NA,NA,0.730128,NA,NA,NA,NA,NA
"643",NA,NA,NA,NA,NA,NA,NA,NA,NA,NA,NA,NA,NA,NA,NA,0.179536,NA,NA,NA,NA,NA
"644",NA,NA,NA,NA,NA,NA,NA,NA,NA,NA,NA,NA,NA,NA,NA,0.494544,NA,NA,NA,NA,NA
"645",NA,NA,NA,NA,NA,NA,NA,NA,NA,NA,NA,NA,NA,NA,NA,0.437925,NA,NA,NA,NA,NA
"646",NA,NA,NA,NA,NA,NA,NA,NA,NA,NA,NA,NA,NA,NA,NA,0.238837,NA,NA,NA,NA,NA
"647",NA,NA,NA,NA,NA,NA,NA,NA,NA,NA,NA,NA,NA,NA,NA,0.217348,NA,NA,NA,NA,NA
"648",NA,NA,NA,NA,NA,NA,NA,NA,NA,NA,NA,NA,NA,NA,NA,0.286915,NA,NA,NA,NA,NA
"649",NA,NA,NA,NA,NA,NA,NA,NA,NA,NA,NA,NA,NA,NA,NA,0.357227,NA,NA,NA,NA,NA
"650",NA,NA,NA,NA,NA,NA,NA,NA,NA,NA,NA,NA,NA,NA,NA,0.411194,NA,NA,NA,NA,NA
"651",NA,NA,NA,NA,NA,NA,NA,NA,NA,NA,NA,NA,NA,NA,NA,0.129105,NA,NA,NA,NA,NA
"652",NA,NA,NA,NA,NA,NA,NA,NA,NA,NA,NA,NA,NA,NA,NA,0.456489,NA,NA,NA,NA,NA
"653",NA,NA,NA,NA,NA,NA,NA,NA,NA,NA,NA,NA,NA,NA,NA,0.432294,NA,NA,NA,NA,NA
"654",NA,NA,NA,NA,NA,NA,NA,NA,NA,NA,NA,NA,NA,NA,NA,0.195744,NA,NA,NA,NA,NA
"655",NA,NA,NA,NA,NA,NA,NA,NA,NA,NA,NA,NA,NA,NA,NA,0.955576,NA,NA,NA,NA,NA
"656",NA,NA,NA,NA,NA,NA,NA,NA,NA,NA,NA,NA,NA,NA,NA,0.16952,NA,NA,NA,NA,NA
"657",NA,NA,NA,NA,NA,NA,NA,NA,NA,NA,NA,NA,NA,NA,NA,0.477015,NA,NA,NA,NA,NA
"658",NA,NA,NA,NA,NA,NA,NA,NA,NA,NA,NA,NA,NA,NA,NA,0.399852,NA,NA,NA,NA,NA
"659",NA,NA,NA,NA,NA,NA,NA,NA,NA,NA,NA,NA,NA,NA,NA,0.577374,NA,NA,NA,NA,NA
"660",NA,NA,NA,NA,NA,NA,NA,NA,NA,NA,NA,NA,NA,NA,NA,0.255227,NA,NA,NA,NA,NA
"661",NA,NA,NA,NA,NA,NA,NA,NA,NA,NA,NA,NA,NA,NA,NA,0.28096,NA,NA,NA,NA,NA
"662",NA,NA,NA,NA,NA,NA,NA,NA,NA,NA,NA,NA,NA,NA,NA,0.335032,NA,NA,NA,NA,NA
"663",NA,NA,NA,NA,NA,NA,NA,NA,NA,NA,NA,NA,NA,NA,NA,0.175135,NA,NA,NA,NA,NA
"664",NA,NA,NA,NA,NA,NA,NA,NA,NA,NA,NA,NA,NA,NA,NA,0.316451,NA,NA,NA,NA,NA
"665",NA,NA,NA,NA,NA,NA,NA,NA,NA,NA,NA,NA,NA,NA,NA,0.363926,NA,NA,NA,NA,NA
"666",NA,NA,NA,NA,NA,NA,NA,NA,NA,NA,NA,NA,NA,NA,NA,0.430008,NA,NA,NA,NA,NA
"667",NA,NA,NA,NA,NA,NA,NA,NA,NA,NA,NA,NA,NA,NA,NA,0.140204,NA,NA,NA,NA,NA
"668",NA,NA,NA,NA,NA,NA,NA,NA,NA,NA,NA,NA,NA,NA,NA,0.184798,NA,NA,NA,NA,NA
"669",NA,NA,NA,NA,NA,NA,NA,NA,NA,NA,NA,NA,NA,NA,NA,0.491756,NA,NA,NA,NA,NA
"670",NA,NA,NA,NA,NA,NA,NA,NA,NA,NA,NA,NA,NA,NA,NA,0.742222,NA,NA,NA,NA,NA
"671",NA,NA,NA,NA,NA,NA,NA,NA,NA,NA,NA,NA,NA,NA,NA,0.089411,NA,NA,NA,NA,NA
"672",NA,NA,NA,NA,NA,NA,NA,NA,NA,NA,NA,NA,NA,NA,NA,NA,NA,NA,NA,NA,NA
"673",NA,NA,NA,NA,NA,NA,NA,NA,NA,NA,NA,NA,NA,NA,NA,NA,NA,NA,NA,NA,NA
"674",NA,NA,NA,NA,NA,NA,NA,NA,NA,NA,NA,NA,NA,NA,NA,NA,NA,NA,NA,NA,NA
"675",NA,NA,NA,NA,NA,NA,NA,NA,NA,NA,NA,NA,NA,NA,NA,NA,NA,NA,NA,NA,NA
"676",NA,NA,NA,NA,NA,NA,NA,NA,NA,NA,NA,NA,NA,NA,NA,NA,NA,NA,NA,NA,NA
"677",NA,NA,NA,NA,NA,NA,NA,NA,NA,NA,NA,NA,NA,NA,NA,NA,NA,NA,NA,NA,NA
"678",NA,NA,NA,NA,NA,NA,NA,NA,NA,NA,NA,NA,NA,NA,NA,NA,NA,NA,NA,NA,NA
"679",NA,NA,NA,NA,NA,NA,NA,NA,NA,NA,NA,NA,NA,NA,NA,NA,0.339998,NA,NA,NA,NA
"680",NA,NA,NA,NA,NA,NA,NA,NA,NA,NA,NA,NA,NA,NA,NA,NA,0.305404,NA,NA,NA,NA
"681",NA,NA,NA,NA,NA,NA,NA,NA,NA,NA,NA,NA,NA,NA,NA,NA,0.424899,NA,NA,NA,NA
"682",NA,NA,NA,NA,NA,NA,NA,NA,NA,NA,NA,NA,NA,NA,NA,NA,0.237353,NA,NA,NA,NA
"683",NA,NA,NA,NA,NA,NA,NA,NA,NA,NA,NA,NA,NA,NA,NA,NA,0.397435,NA,NA,NA,NA
"684",NA,NA,NA,NA,NA,NA,NA,NA,NA,NA,NA,NA,NA,NA,NA,NA,0.408587,NA,NA,NA,NA
"685",NA,NA,NA,NA,NA,NA,NA,NA,NA,NA,NA,NA,NA,NA,NA,NA,0.316128,NA,NA,NA,NA
"686",NA,NA,NA,NA,NA,NA,NA,NA,NA,NA,NA,NA,NA,NA,NA,NA,0.251321,NA,NA,NA,NA
"687",NA,NA,NA,NA,NA,NA,NA,NA,NA,NA,NA,NA,NA,NA,NA,NA,0.220939,NA,NA,NA,NA
"688",NA,NA,NA,NA,NA,NA,NA,NA,NA,NA,NA,NA,NA,NA,NA,NA,0.320783,NA,NA,NA,NA
"689",NA,NA,NA,NA,NA,NA,NA,NA,NA,NA,NA,NA,NA,NA,NA,NA,0.251901,NA,NA,NA,NA
"690",NA,NA,NA,NA,NA,NA,NA,NA,NA,NA,NA,NA,NA,NA,NA,NA,0.08693,NA,NA,NA,NA
"691",NA,NA,NA,NA,NA,NA,NA,NA,NA,NA,NA,NA,NA,NA,NA,NA,0.190114,NA,NA,NA,NA
"692",NA,NA,NA,NA,NA,NA,NA,NA,NA,NA,NA,NA,NA,NA,NA,NA,0.540951,0.540951,NA,NA,NA
"693",NA,NA,NA,NA,NA,NA,NA,NA,NA,NA,NA,NA,NA,NA,NA,NA,0.453009,0.453009,NA,NA,NA
"694",NA,NA,NA,NA,NA,NA,NA,NA,NA,NA,NA,NA,NA,NA,NA,NA,0.305898,0.305898,NA,NA,NA
"695",NA,NA,NA,NA,NA,NA,NA,NA,NA,NA,NA,NA,NA,NA,NA,NA,0.499469,0.499469,NA,NA,NA
"696",NA,NA,NA,NA,NA,NA,NA,NA,NA,NA,NA,NA,NA,NA,NA,NA,0.387562,0.387562,NA,NA,NA
"697",NA,NA,NA,NA,NA,NA,NA,NA,NA,NA,NA,NA,NA,NA,NA,NA,0.515499,0.515499,NA,NA,NA
"698",NA,NA,NA,NA,NA,NA,NA,NA,NA,NA,NA,NA,NA,NA,NA,NA,0.446615,0.446615,NA,NA,NA
"699",NA,NA,NA,NA,NA,NA,NA,NA,NA,NA,NA,NA,NA,NA,NA,NA,0.4207,0.4207,NA,NA,NA
"700",NA,NA,NA,NA,NA,NA,NA,NA,NA,NA,NA,NA,NA,NA,NA,NA,0.298915,0.298915,NA,NA,NA
"701",NA,NA,NA,NA,NA,NA,NA,NA,NA,NA,NA,NA,NA,NA,NA,NA,0.106506,0.106506,NA,NA,NA
"702",NA,NA,NA,NA,NA,NA,NA,NA,NA,NA,NA,NA,NA,NA,NA,NA,0.234328,0.234328,NA,NA,NA
"703",NA,NA,NA,NA,NA,NA,NA,NA,NA,NA,NA,NA,NA,NA,NA,NA,0.253394,0.253394,NA,NA,NA
"704",NA,NA,NA,NA,NA,NA,NA,NA,NA,NA,NA,NA,NA,NA,NA,NA,0.282422,0.282422,NA,NA,NA
"705",NA,NA,NA,NA,NA,NA,NA,NA,NA,NA,NA,NA,NA,NA,NA,NA,0.290469,0.290469,NA,NA,NA
"706",NA,NA,NA,NA,NA,NA,NA,NA,NA,NA,NA,NA,NA,NA,NA,NA,0.205846,0.205846,NA,NA,NA
"707",NA,NA,NA,NA,NA,NA,NA,NA,NA,NA,NA,NA,NA,NA,NA,NA,0.153546,0.153546,NA,NA,NA
"708",NA,NA,NA,NA,NA,NA,NA,NA,NA,NA,NA,NA,NA,NA,NA,NA,0.434688,0.434688,NA,NA,NA
"709",NA,NA,NA,NA,NA,NA,NA,NA,NA,NA,NA,NA,NA,NA,NA,NA,0.326,0.326,NA,NA,NA
"710",NA,NA,NA,NA,NA,NA,NA,NA,NA,NA,NA,NA,NA,NA,NA,NA,0.218211,0.218211,NA,NA,NA
"711",NA,NA,NA,NA,NA,NA,NA,NA,NA,NA,NA,NA,NA,NA,NA,NA,0.244309,0.244309,NA,NA,NA
"712",NA,NA,NA,NA,NA,NA,NA,NA,NA,NA,NA,NA,NA,NA,NA,NA,0.354728,0.354728,NA,NA,NA
"713",NA,NA,NA,NA,NA,NA,NA,NA,NA,NA,NA,NA,NA,NA,NA,NA,0.143236,0.143236,NA,NA,NA
"714",NA,NA,NA,NA,NA,NA,NA,NA,NA,NA,NA,NA,NA,NA,NA,NA,0.127034,NA,NA,NA,NA
"715",NA,NA,NA,NA,NA,NA,NA,NA,NA,NA,NA,NA,NA,NA,NA,NA,0.248259,NA,NA,NA,NA
"716",NA,NA,NA,NA,NA,NA,NA,NA,NA,NA,NA,NA,NA,NA,NA,NA,0.31953,NA,NA,NA,NA
"717",NA,NA,NA,NA,NA,NA,NA,NA,NA,NA,NA,NA,NA,NA,NA,NA,0.480101,NA,NA,NA,NA
"718",NA,NA,NA,NA,NA,NA,NA,NA,NA,NA,NA,NA,NA,NA,NA,NA,0.199394,NA,NA,NA,NA
"719",NA,NA,NA,NA,NA,NA,NA,NA,NA,NA,NA,NA,NA,NA,NA,NA,0.356155,NA,NA,NA,NA
"720",NA,NA,NA,NA,NA,NA,NA,NA,NA,NA,NA,NA,NA,NA,NA,NA,0.310138,NA,NA,NA,NA
"721",NA,NA,NA,NA,NA,NA,NA,NA,NA,NA,NA,NA,NA,NA,NA,NA,0.23556,NA,NA,NA,NA
"722",NA,NA,NA,NA,NA,NA,NA,NA,NA,NA,NA,NA,NA,NA,NA,NA,0.358633,NA,NA,NA,NA
"723",NA,NA,NA,NA,NA,NA,NA,NA,NA,NA,NA,NA,NA,NA,NA,NA,0.166867,NA,NA,NA,NA
"724",NA,NA,NA,NA,NA,NA,NA,NA,NA,NA,NA,NA,NA,NA,NA,NA,0.29646,NA,NA,NA,NA
"725",NA,NA,NA,NA,NA,NA,NA,NA,NA,NA,NA,NA,NA,NA,NA,NA,0.133559,NA,NA,NA,NA
"726",NA,NA,NA,NA,NA,NA,NA,NA,NA,NA,NA,NA,NA,NA,NA,NA,0.444503,NA,NA,NA,NA
"727",NA,NA,NA,NA,NA,NA,NA,NA,NA,NA,NA,NA,NA,NA,NA,NA,NA,NA,NA,0.390781204232181,NA
"728",NA,NA,NA,NA,NA,NA,NA,NA,NA,NA,NA,NA,NA,NA,NA,NA,NA,NA,NA,0.114649083325086,NA
"729",NA,NA,NA,NA,NA,NA,NA,NA,NA,NA,NA,NA,NA,NA,NA,NA,NA,NA,NA,0.0540392279766897,NA
"730",NA,NA,NA,NA,NA,NA,NA,NA,NA,NA,NA,NA,NA,NA,NA,NA,NA,NA,NA,0.00500616752059178,NA
"731",NA,NA,NA,NA,NA,NA,NA,NA,NA,NA,NA,NA,NA,NA,NA,NA,NA,NA,NA,NA,0.294153132640295
"732",NA,NA,NA,NA,NA,NA,NA,NA,NA,NA,NA,NA,NA,NA,NA,NA,NA,NA,NA,NA,0.532395386037515
"733",NA,NA,NA,NA,NA,NA,NA,NA,NA,NA,NA,NA,NA,NA,NA,NA,NA,NA,NA,NA,0.44442654351654
"734",NA,NA,NA,NA,NA,NA,NA,NA,NA,NA,NA,NA,NA,NA,NA,NA,NA,NA,NA,NA,0.544720159428308
"735",NA,NA,NA,NA,NA,NA,NA,NA,NA,NA,NA,NA,NA,NA,NA,NA,NA,NA,NA,NA,0.36928637749535
"736",NA,NA,NA,NA,NA,NA,NA,NA,NA,NA,NA,NA,NA,NA,NA,NA,NA,NA,NA,NA,0.485676156004665
"737",NA,NA,NA,NA,NA,NA,NA,NA,NA,NA,NA,NA,NA,NA,NA,NA,NA,NA,NA,NA,0.185187335877014
"738",NA,NA,NA,NA,NA,NA,NA,NA,NA,NA,NA,NA,NA,NA,NA,NA,NA,NA,NA,NA,0.506429066548236
"739",NA,NA,NA,NA,NA,NA,NA,NA,NA,NA,NA,NA,NA,NA,NA,NA,NA,NA,NA,NA,0.407620310902225
"740",NA,NA,NA,NA,NA,NA,NA,NA,NA,NA,NA,NA,NA,NA,NA,NA,NA,NA,NA,NA,0.733323026777446
"741",NA,NA,NA,NA,NA,NA,NA,NA,NA,NA,NA,NA,NA,NA,NA,NA,NA,NA,NA,NA,0.482189215196851
"742",NA,NA,NA,NA,NA,NA,NA,NA,NA,NA,NA,NA,NA,NA,NA,NA,NA,NA,NA,NA,0.501554946631692
"743",NA,NA,NA,NA,NA,NA,NA,NA,NA,NA,NA,NA,NA,NA,NA,NA,NA,NA,NA,NA,0.497303844491077
"744",NA,NA,NA,NA,NA,NA,NA,NA,NA,NA,NA,NA,NA,NA,NA,NA,NA,NA,NA,NA,0.410905504768622
